sample_idx,segment,I,Q
0,0,962,957
1,0,969,959
2,0,973,947
3,0,983,953
4,0,976,944
5,0,989,947
6,0,975,951
7,0,975,948
8,0,966,949
9,0,982,953
10,0,975,948
11,0,976,954
12,0,973,946
13,0,972,946
14,0,967,946
15,0,973,947
16,0,965,939
17,0,968,943
18,0,965,933
19,0,967,958
20,0,964,934
21,0,963,982
22,0,950,946
23,0,959,1051
24,0,964,944
25,0,973,1111
26,0,963,942
27,0,964,1189
28,0,972,948
29,0,981,1192
30,0,970,939
31,0,974,1231
32,0,963,942
33,0,967,1179
34,0,973,939
35,0,976,1126
36,0,975,938
37,0,983,1127
38,0,972,935
39,0,975,1093
40,0,977,943
41,0,989,1097
42,0,983,931
43,0,996,1078
44,0,980,937
45,0,989,1079
46,0,982,937
47,0,997,1061
48,0,987,937
49,0,995,1046
50,0,979,940
51,0,979,1057
52,0,985,949
53,0,991,1017
54,0,987,944
55,0,983,1000
56,0,993,954
57,0,1001,1011
58,0,986,951
59,0,1031,1016
60,0,986,943
61,0,1087,999
62,0,983,949
63,0,1155,975
64,0,985,946
65,0,1206,983
66,0,981,947
67,0,1263,982
68,0,980,948
69,0,1240,968
70,0,977,957
71,0,1224,983
72,0,974,951
73,0,1209,968
74,0,991,946
75,0,1187,973
76,0,994,956
77,0,1154,978
78,0,994,949
79,0,1149,969
80,0,976,957
81,0,1110,968
82,0,969,953
83,0,1076,964
84,0,976,955
85,0,1076,956
86,0,983,942
87,0,1079,954
88,0,979,953
89,0,1061,975
90,0,976,945
91,0,1047,964
92,0,981,940
93,0,1023,945
94,0,980,943
95,0,1043,935
96,0,982,930
97,0,1016,927
98,0,971,941
99,0,1019,933
100,0,979,934
101,0,1000,928
102,0,981,937
103,0,999,942
104,0,965,947
105,0,996,942
106,0,978,939
107,0,996,936
108,0,982,941
109,0,1001,932
110,0,959,935
111,0,981,941
112,0,974,942
113,0,979,935
114,0,991,937
115,0,1009,930
116,0,982,933
117,0,993,931
118,0,979,943
119,0,986,934
120,0,983,938
121,0,991,930
122,0,971,944
123,0,981,945
124,0,990,935
125,0,980,945
126,0,980,940
127,0,997,953
128,0,997,950
129,0,990,950
130,0,998,940
131,0,999,934
132,0,1003,938
133,0,998,942
134,0,992,946
135,0,981,942
136,0,987,947
137,0,975,943
138,0,981,940
139,0,985,942
140,0,992,944
141,0,987,943
142,0,984,950
143,0,977,946
144,0,985,943
145,0,976,943
146,0,992,944
147,0,985,939
148,0,991,941
149,0,983,948
150,0,969,955
151,0,971,955
152,0,989,948
153,0,967,944
154,0,971,950
155,0,974,947
156,0,988,945
157,0,976,944
158,0,989,957
159,0,974,944
160,0,975,942
161,0,967,947
162,0,970,945
163,0,966,946
164,0,976,954
165,0,963,951
166,0,973,950
167,0,970,950
168,0,987,946
169,0,975,938
170,0,995,949
171,0,966,948
172,0,964,937
173,0,963,938
174,0,973,939
175,0,971,943
176,0,969,943
177,0,967,944
178,0,957,948
179,0,960,940
180,0,977,944
181,0,959,947
182,0,967,938
183,0,956,941
184,0,965,943
185,0,981,946
186,0,968,946
187,0,967,946
188,0,971,936
189,0,975,936
190,0,975,937
191,0,969,939
192,0,980,932
193,0,966,941
194,0,969,936
195,0,965,945
196,0,969,942
197,0,969,940
198,0,993,941
199,0,965,941
200,0,978,945
201,0,973,936
202,0,982,946
203,0,980,942
204,0,983,949
205,0,993,929
206,0,991,933
207,0,978,939
208,0,977,950
209,0,978,939
210,0,986,947
211,0,994,941
212,0,987,959
213,0,984,945
214,0,989,951
215,0,989,947
216,0,995,936
217,0,980,942
218,0,980,941
219,0,971,949
220,0,991,956
221,0,978,942
222,0,996,944
223,0,981,954
224,0,1005,943
225,0,974,947
226,0,979,951
227,0,974,950
228,0,986,951
229,0,972,952
230,0,981,948
231,0,973,947
232,0,976,952
233,0,976,951
234,0,980,949
235,0,980,943
236,0,995,948
237,0,983,945
238,0,977,957
239,0,973,956
240,0,971,943
241,0,969,945
242,0,978,955
243,0,963,947
244,0,985,944
245,0,965,945
246,0,976,951
247,0,973,946
248,0,970,940
249,0,960,945
250,0,961,957
251,0,963,949
252,0,966,941
253,0,967,942
254,0,981,941
255,0,961,946
256,0,962,949
257,0,963,943
258,0,965,945
259,0,969,943
260,0,987,942
261,0,968,936
262,0,975,935
263,0,962,936
264,0,971,944
265,0,967,937
266,0,977,934
267,0,971,938
268,0,975,934
269,0,970,937
270,0,964,949
271,0,966,936
272,0,966,936
273,0,978,927
274,0,989,934
275,0,982,930
276,0,986,934
277,0,970,945
278,0,967,949
279,0,971,942
280,0,977,942
281,0,979,941
282,0,992,940
283,0,998,958
284,0,994,937
285,0,983,935
286,0,983,935
287,0,979,942
288,0,991,946
289,0,977,945
290,0,985,944
291,0,973,953
292,0,980,950
293,0,977,955
294,0,981,949
295,0,990,949
296,0,1000,945
297,0,989,950
298,0,991,941
299,0,975,943
300,0,977,949
301,0,974,945
302,0,990,950
303,0,980,939
304,0,981,945
305,0,972,948
306,0,976,946
307,0,981,945
308,0,987,946
309,0,975,946
310,0,983,947
311,0,976,941
312,0,995,940
313,0,974,943
314,0,985,944
315,0,975,943
316,0,979,941
317,0,977,943
318,0,992,942
319,0,981,933
320,0,994,942
321,0,973,952
322,0,983,939
323,0,983,947
324,0,977,940
325,0,983,945
326,0,989,941
327,0,973,943
328,0,980,941
329,0,968,939
330,0,983,941
331,0,972,939
332,0,977,949
333,0,978,943
334,0,979,978
335,0,964,944
336,0,964,1027
337,0,961,936
338,0,963,1073
339,0,964,937
340,0,967,1160
341,0,979,933
342,0,975,1187
343,0,977,931
344,0,978,1210
345,0,963,943
346,0,969,1172
347,0,965,938
348,0,971,1163
349,0,980,935
350,0,987,1123
351,0,983,919
352,0,995,1103
353,0,984,930
354,0,984,1072
355,0,985,928
356,0,983,1064
357,0,979,942
358,0,980,1044
359,0,974,938
360,0,983,1047
361,0,989,935
362,0,999,1041
363,0,991,938
364,0,1002,1013
365,0,985,930
366,0,986,1025
367,0,989,941
368,0,1001,1018
369,0,1007,936
370,0,1010,994
371,0,990,944
372,0,1027,1006
373,0,994,945
374,0,1067,976
375,0,989,943
376,0,1147,989
377,0,988,938
378,0,1208,983
379,0,984,945
380,0,1267,975
381,0,980,945
382,0,1263,975
383,0,980,938
384,0,1240,970
385,0,983,936
386,0,1195,953
387,0,992,936
388,0,1192,944
389,0,998,940
390,0,1150,943
391,0,987,943
392,0,1157,954
393,0,1001,933
394,0,1128,949
395,0,989,932
396,0,1094,946
397,0,989,933
398,0,1080,957
399,0,988,938
400,0,1074,946
401,0,1009,935
402,0,1091,937
403,0,995,937
404,0,1054,938
405,0,972,939
406,0,1022,941
407,0,977,941
408,0,1034,955
409,0,1029,966
410,0,1089,980
411,0,997,963
412,0,1016,945
413,0,981,951
414,0,1011,939
415,0,968,935
416,0,1013,946
417,0,975,937
418,0,1004,941
419,0,970,928
420,0,1004,938
421,0,970,930
422,0,995,935
423,0,975,928
424,0,1006,933
425,0,980,935
426,0,1007,934
427,0,977,931
428,0,987,920
429,0,990,923
430,0,1012,922
431,0,984,917
432,0,985,931
433,0,974,930
434,0,978,937
435,0,976,922
436,0,976,929
437,0,989,936
438,0,985,934
439,0,981,930
440,0,995,936
441,0,981,936
442,0,985,928
443,0,994,934
444,0,991,916
445,0,993,928
446,0,984,929
447,0,997,923
448,0,992,936
449,0,999,929
450,0,977,939
451,0,987,941
452,0,981,949
453,0,980,939
454,0,967,943
455,0,983,939
456,0,974,942
457,0,993,933
458,0,996,937
459,0,996,941
460,0,984,944
461,0,1001,942
462,0,976,943
463,0,971,942
464,0,972,939
465,0,982,942
466,0,976,943
467,0,988,948
468,0,977,940
469,0,1004,938
470,0,984,941
471,0,967,940
472,0,980,945
473,0,981,943
474,0,986,938
475,0,981,944
476,0,988,938
477,0,981,940
478,0,984,943
479,0,971,947
480,0,991,946
481,0,974,938
482,0,990,941
483,0,967,941
484,0,972,943
485,0,967,944
486,0,985,936
487,0,969,935
488,0,973,946
489,0,972,932
490,0,974,940
491,0,969,936
492,0,970,945
493,0,971,942
494,0,970,935
495,0,967,934
496,0,965,935
497,0,949,940
498,0,966,927
499,0,960,937
500,0,966,938
501,0,957,930
502,0,956,946
503,0,967,930
504,0,964,939
505,0,959,942
506,0,979,939
507,0,957,939
508,0,972,941
509,0,967,942
510,0,983,941
511,0,978,938
512,0,989,935
513,0,973,935
514,0,988,937
515,0,979,924
516,0,977,928
517,0,979,934
518,0,989,940
519,0,972,935
520,0,987,932
521,0,976,941
522,0,973,948
523,0,982,951
524,0,991,938
525,0,984,940
526,0,994,937
527,0,991,932
528,0,992,936
529,0,984,938
530,0,984,959
531,0,973,941
532,0,980,945
533,0,975,941
534,0,978,940
535,0,981,942
536,0,988,940
537,0,979,946
538,0,981,950
539,0,976,954
540,0,983,952
541,0,974,960
542,0,977,947
543,0,983,947
544,0,985,944
545,0,975,955
546,0,980,954
547,0,978,944
548,0,991,946
549,0,987,946
550,0,992,942
551,0,982,956
552,0,985,946
553,0,985,946
554,0,981,943
555,0,975,943
556,0,985,943
557,0,973,948
558,0,962,953
559,0,967,950
560,0,981,949
561,0,971,950
562,0,978,945
563,0,979,939
564,0,979,948
565,0,968,940
566,0,961,946
567,0,969,944
568,0,979,944
569,0,971,939
570,0,973,943
571,0,973,951
572,0,970,939
573,0,949,933
574,0,963,932
575,0,956,931
576,0,965,940
577,0,965,944
578,0,989,936
579,0,963,942
580,0,967,943
581,0,962,937
582,0,970,945
583,0,968,945
584,0,966,937
585,0,980,931
586,0,985,935
587,0,968,933
588,0,975,936
589,0,969,934
590,0,968,948
591,0,967,939
592,0,970,941
593,0,981,940
594,0,990,937
595,0,975,932
596,0,981,941
597,0,969,939
598,0,976,937
599,0,974,938
600,0,987,945
601,0,985,937
602,0,997,936
603,0,990,935
604,0,993,934
605,0,985,940
606,0,987,942
607,0,984,934
608,0,991,939
609,0,987,942
610,0,986,945
611,0,980,938
612,0,988,943
613,0,984,936
614,0,991,950
615,0,986,944
616,0,996,943
617,0,966,945
618,0,983,956
619,0,976,955
620,0,983,955
621,0,978,955
622,0,989,948
623,0,973,949
624,0,971,947
625,0,979,955
626,0,975,948
627,0,975,962
628,0,984,944
629,0,974,943
630,0,982,948
631,0,987,947
632,0,985,960
633,0,977,949
634,0,983,964
635,0,973,951
636,0,976,977
637,0,981,946
638,0,982,1039
639,0,983,946
640,0,995,1099
641,0,986,938
642,0,978,1167
643,0,978,945
644,0,967,1237
645,0,978,941
646,0,992,1221
647,0,965,939
648,0,977,1191
649,0,961,947
650,0,969,1172
651,0,974,942
652,0,975,1120
653,0,979,936
654,0,988,1092
655,0,968,939
656,0,968,1097
657,0,957,935
658,0,961,1080
659,0,960,940
660,0,967,1056
661,0,1011,959
662,0,1018,1068
663,0,991,957
664,0,976,1051
665,0,964,942
666,0,965,1043
667,0,966,940
668,0,970,1027
669,0,966,937
670,0,969,992
671,0,964,942
672,0,984,1005
673,0,968,939
674,0,1015,984
675,0,972,936
676,0,1071,996
677,0,978,935
678,0,1144,985
679,0,973,941
680,0,1189,968
681,0,978,940
682,0,1255,987
683,0,972,948
684,0,1240,984
685,0,975,947
686,0,1219,975
687,0,982,938
688,0,1199,987
689,0,975,942
690,0,1152,969
691,0,976,953
692,0,1151,963
693,0,968,947
694,0,1135,968
695,0,979,934
696,0,1125,967
697,0,975,951
698,0,1096,962
699,0,977,941
700,0,1103,946
701,0,983,947
702,0,1064,965
703,0,978,961
704,0,1056,966
705,0,971,944
706,0,1043,959
707,0,981,944
708,0,1024,965
709,0,976,948
710,0,1026,957
711,0,976,950
712,0,1035,950
713,0,988,943
714,0,1012,951
715,0,967,948
716,0,1010,951
717,0,974,945
718,0,1004,942
719,0,967,962
720,0,1006,952
721,0,977,941
722,0,1007,943
723,0,971,948
724,0,1005,945
725,0,965,943
726,0,983,941
727,0,973,940
728,0,1000,943
729,0,978,947
730,0,976,941
731,0,969,933
732,0,971,941
733,0,963,934
734,0,973,935
735,0,967,935
736,0,961,943
737,0,958,941
738,0,951,936
739,0,959,935
740,0,957,943
741,0,966,941
742,0,964,933
743,0,974,937
744,0,966,945
745,0,971,945
746,0,964,942
747,0,962,943
748,0,980,936
749,0,981,935
750,0,991,934
751,0,972,940
752,0,962,942
753,0,973,940
754,0,975,945
755,0,975,936
756,0,985,948
757,0,987,944
758,0,983,941
759,0,976,947
760,0,975,939
761,0,987,945
762,0,978,950
763,0,982,945
764,0,982,945
765,0,991,943
766,0,985,950
767,0,997,944
768,0,978,942
769,0,985,941
770,0,986,954
771,0,979,946
772,0,985,949
773,0,985,951
774,0,974,944
775,0,987,943
776,0,979,940
777,0,982,943
778,0,979,952
779,0,984,945
780,0,978,949
781,0,987,950
782,0,985,943
783,0,982,949
784,0,977,952
785,0,970,956
786,0,965,951
787,0,989,956
788,0,969,945
789,0,979,947
790,0,979,944
791,0,983,952
792,0,974,942
793,0,976,953
794,0,955,951
795,0,965,955
796,0,965,950
797,0,976,951
798,0,970,946
799,0,973,950
800,0,967,948
801,0,971,953
802,0,968,940
803,0,985,950
804,0,981,937
805,0,982,934
806,0,969,941
807,0,966,951
808,0,965,936
809,0,969,941
810,0,976,948
811,0,970,942
812,0,960,940
813,0,959,938
814,0,953,941
815,0,969,936
816,0,959,936
817,0,975,937
818,0,959,935
819,0,964,935
820,0,961,940
821,0,966,934
822,0,959,938
823,0,967,937
824,0,963,935
825,0,972,942
826,0,973,945
827,0,986,928
828,0,964,933
829,0,977,939
830,0,960,936
831,0,973,936
832,0,962,947
833,0,980,941
834,0,969,934
835,0,976,937
836,0,975,938
837,0,993,942
838,0,979,939
839,0,988,937
840,0,986,935
841,0,991,937
842,0,975,934
843,0,998,946
844,0,973,946
845,0,981,945
846,0,972,955
847,0,991,951
848,0,973,946
849,0,983,942
850,0,985,948
851,0,991,944
852,0,978,946
853,0,979,950
854,0,969,945
855,0,973,952
856,0,977,947
857,0,996,944
858,0,987,948
859,0,993,944
860,0,978,940
861,0,972,947
862,0,976,940
863,0,990,950
864,0,975,944
865,0,983,950
866,0,978,950
867,0,979,958
868,0,975,949
869,0,991,943
870,0,988,935
871,0,987,945
872,0,979,947
873,0,978,943
874,0,970,946
875,0,985,953
876,0,977,943
877,0,991,952
878,0,966,945
879,0,985,948
880,0,962,943
881,0,973,947
882,0,976,947
883,0,991,951
884,0,971,947
885,0,963,949
886,0,969,947
887,0,969,949
888,0,965,946
889,0,977,945
890,0,959,949
891,0,971,947
892,0,961,943
893,0,970,941
894,0,973,937
895,0,981,932
896,0,966,930
897,0,973,932
898,0,964,939
899,0,958,940
900,0,959,946
901,0,971,934
902,0,965,932
903,0,973,938
904,0,963,943
905,0,969,941
906,0,969,936
907,0,971,931
908,0,973,934
909,0,972,931
910,0,976,923
911,0,981,931
912,0,963,934
913,0,971,934
914,0,971,940
915,0,986,937
916,0,972,936
917,0,986,940
918,0,977,935
919,0,988,936
920,0,984,937
921,0,979,945
922,0,965,952
923,0,973,947
924,0,961,949
925,0,969,946
926,0,987,950
927,0,979,951
928,0,977,946
929,0,971,949
930,0,993,945
931,0,985,955
932,0,990,957
933,0,994,944
934,0,983,945
935,0,978,946
936,0,980,950
937,0,988,953
938,0,984,947
939,0,991,950
940,0,983,952
941,0,975,955
942,0,980,943
943,0,971,950
944,0,991,944
945,0,984,948
946,0,986,951
947,0,980,943
948,0,984,943
949,0,979,935
950,0,983,941
951,0,978,943
952,0,978,944
953,0,979,940
954,0,971,945
955,0,967,942
956,0,969,943
957,0,973,952
958,0,975,942
959,0,964,936
960,0,970,945
961,0,971,939
962,0,982,939
963,0,979,930
964,0,984,936
965,0,970,939
966,0,987,932
967,0,968,923
968,0,964,942
969,0,958,938
970,0,961,935
971,0,965,950
972,0,963,946
973,0,960,935
974,0,967,930
975,0,964,932
976,0,967,941
977,0,956,942
978,0,959,936
979,0,960,934
980,0,972,939
981,0,965,932
982,0,975,933
983,0,969,935
984,0,979,931
985,0,969,928
986,0,967,935
987,0,972,930
988,0,981,932
989,0,975,937
990,0,982,937
991,0,976,945
992,0,981,942
993,0,971,933
994,0,988,933
995,0,987,932
996,0,984,933
997,0,975,930
998,0,981,939
999,0,981,950
1000,0,987,945
1001,0,987,944
1002,0,992,950
1003,0,990,948
1004,0,991,967
1005,0,983,937
1006,0,973,991
1007,0,983,940
1008,0,992,1043
1009,0,975,943
1010,0,983,1127
1011,0,979,947
1012,0,983,1199
1013,0,982,947
1014,0,975,1237
1015,0,981,959
1016,0,978,1222
1017,0,983,945
1018,0,991,1184
1019,0,986,943
1020,0,988,1152
1021,0,982,945
1022,0,1000,1136
1023,0,981,952
1024,0,986,1134
1025,0,987,943
1026,0,991,1103
1027,0,992,941
1028,0,989,1093
1029,0,982,945
1030,0,983,1052
1031,0,985,941
1032,0,979,1060
1033,0,994,941
1034,0,986,1053
1035,0,983,947
1036,0,983,1042
1037,0,970,952
1038,0,970,1029
1039,0,973,954
1040,0,980,1020
1041,0,974,942
1042,0,980,1015
1043,0,970,953
1044,0,1013,979
1045,0,959,936
1046,0,1128,993
1047,0,951,939
1048,0,1104,988
1049,0,973,953
1050,0,1207,984
1051,0,968,946
1052,0,1234,973
1053,0,961,938
1054,0,1245,981
1055,0,965,931
1056,0,1224,964
1057,0,970,935
1058,0,1211,948
1059,0,972,932
1060,0,1155,969
1061,0,970,936
1062,0,1151,953
1063,0,979,936
1064,0,1124,944
1065,0,977,940
1066,0,1127,966
1067,0,978,940
1068,0,1094,944
1069,0,975,943
1070,0,1068,947
1071,0,978,934
1072,0,1093,948
1073,0,974,935
1074,0,1052,947
1075,0,990,941
1076,0,1059,946
1077,0,980,935
1078,0,1047,957
1079,0,999,929
1080,0,1040,954
1081,0,981,943
1082,0,1039,950
1083,0,979,949
1084,0,1023,952
1085,0,974,951
1086,0,1008,952
1087,0,977,943
1088,0,1025,947
1089,0,982,952
1090,0,1030,946
1091,0,987,938
1092,0,1013,950
1093,0,989,956
1094,0,1013,947
1095,0,974,948
1096,0,978,946
1097,0,966,950
1098,0,980,950
1099,0,977,951
1100,0,993,953
1101,0,979,949
1102,0,999,943
1103,0,975,957
1104,0,993,948
1105,0,971,949
1106,0,999,943
1107,0,979,955
1108,0,994,961
1109,0,997,945
1110,0,981,947
1111,0,990,944
1112,0,985,947
1113,0,973,942
1114,0,972,944
1115,0,985,939
1116,0,985,937
1117,0,972,950
1118,0,960,955
1119,0,972,948
1120,0,965,946
1121,0,985,945
1122,0,975,941
1123,0,978,939
1124,0,973,935
1125,0,965,942
1126,0,962,946
1127,0,963,951
1128,0,967,949
1129,0,969,940
1130,0,973,943
1131,0,964,941
1132,0,967,939
1133,0,960,945
1134,0,957,944
1135,0,965,941
1136,0,961,936
1137,0,961,944
1138,0,964,941
1139,0,958,944
1140,0,962,937
1141,0,974,944
1142,0,960,934
1143,0,976,943
1144,0,974,941
1145,0,973,938
1146,0,973,932
1147,0,977,932
1148,0,969,935
1149,0,974,930
1150,0,964,935
1151,0,976,932
1152,0,982,930
1153,0,992,930
1154,0,976,938
1155,0,991,929
1156,0,977,938
1157,0,983,936
1158,0,985,924
1159,0,993,925
1160,0,981,928
1161,0,999,931
1162,0,991,929
1163,0,993,930
1164,0,974,939
1165,0,973,940
1166,0,973,951
1167,0,985,953
1168,0,976,945
1169,0,981,944
1170,0,977,947
1171,0,991,947
1172,0,977,943
1173,0,976,952
1174,0,969,954
1175,0,977,955
1176,0,977,959
1177,0,979,955
1178,0,981,945
1179,0,979,956
1180,0,979,955
1181,0,987,956
1182,0,975,952
1183,0,981,948
1184,0,981,947
1185,0,988,949
1186,0,979,940
1187,0,977,948
1188,0,971,941
1189,0,993,947
1190,0,974,947
1191,0,984,951
1192,0,965,956
1193,0,970,955
1194,0,972,961
1195,0,988,955
1196,0,974,949
1197,0,977,946
1198,0,975,940
1199,0,975,951
1200,0,967,947
1201,0,967,939
1202,0,967,951
1203,0,987,938
1204,0,965,952
1205,0,971,943
1206,0,977,937
1207,0,982,938
1208,0,968,934
1209,0,968,943
1210,0,956,947
1211,0,966,943
1212,0,969,942
1213,0,968,936
1214,0,963,935
1215,0,966,934
1216,0,963,928
1217,0,978,931
1218,0,968,925
1219,0,973,931
1220,0,963,938
1221,0,973,936
1222,0,958,942
1223,0,957,953
1224,0,952,949
1225,0,962,948
1226,0,970,941
1227,0,975,950
1228,0,973,943
1229,0,983,942
1230,0,981,940
1231,0,981,940
1232,0,969,936
1233,0,970,951
1234,0,965,945
1235,0,980,942
1236,0,980,948
1237,0,999,945
1238,0,967,937
1239,0,988,932
1240,0,991,937
1241,0,987,947
1242,0,989,945
1243,0,988,937
1244,0,993,931
1245,0,1007,941
1246,0,973,940
1247,0,985,947
1248,0,971,956
1249,0,988,941
1250,0,980,954
1251,0,991,938
1252,0,978,943
1253,0,976,951
1254,0,978,953
1255,0,982,952
1256,0,989,944
1257,0,991,945
1258,0,976,946
1259,0,985,942
1260,0,976,948
1261,0,983,951
1262,0,983,949
1263,0,982,941
1264,0,984,945
1265,0,981,947
1266,0,976,948
1267,0,979,948
1268,0,974,955
1269,0,980,951
1270,0,986,954
1271,0,977,950
1272,0,971,953
1273,0,983,947
1274,0,987,951
1275,0,989,944
1276,0,985,949
1277,0,983,955
1278,0,971,944
1279,0,978,954
1280,0,971,940
1281,0,987,957
1282,0,971,942
1283,0,990,947
1284,0,978,946
1285,0,972,943
1286,0,971,954
1287,0,974,941
1288,0,973,945
1289,0,974,944
1290,0,969,931
1291,0,975,938
1292,0,960,937
1293,0,966,950
1294,0,961,942
1295,0,974,935
1296,0,949,943
1297,0,964,948
1298,0,963,941
1299,0,980,938
1300,0,972,937
1301,0,973,933
1302,0,971,939
1303,0,982,934
1304,0,967,937
1305,0,977,939
1306,0,959,938
1307,0,969,956
1308,0,973,939
1309,0,978,946
1310,0,977,945
1311,0,982,945
1312,0,983,940
1313,0,987,937
1314,0,988,941
1315,0,978,946
1316,0,981,935
1317,0,989,940
1318,0,998,937
1319,0,994,943
1320,0,976,946
1321,0,981,945
1322,0,978,950
1323,0,987,965
1324,0,972,948
1325,0,973,1007
1326,0,975,948
1327,0,983,1055
1328,0,981,949
1329,0,986,1107
1330,0,986,948
1331,0,987,1180
1332,0,977,949
1333,0,989,1219
1334,0,991,945
1335,0,984,1212
1336,0,984,947
1337,0,984,1176
1338,0,978,960
1339,0,987,1164
1340,0,985,949
1341,0,987,1141
1342,0,984,949
1343,0,994,1120
1344,0,983,946
1345,0,991,1082
1346,0,980,945
1347,0,981,1082
1348,0,985,951
1349,0,978,1050
1350,0,969,949
1351,0,963,1069
1352,0,981,954
1353,0,980,1045
1354,0,980,949
1355,0,975,1055
1356,0,983,947
1357,0,984,1039
1358,0,975,950
1359,0,975,999
1360,0,961,951
1361,0,987,1019
1362,0,967,944
1363,0,1034,999
1364,0,977,941
1365,0,1075,999
1366,0,969,936
1367,0,1140,981
1368,0,963,940
1369,0,1215,984
1370,0,954,943
1371,0,1233,964
1372,0,967,941
1373,0,1236,964
1374,0,967,937
1375,0,1204,964
1376,0,966,942
1377,0,1192,975
1378,0,975,935
1379,0,1168,944
1380,0,968,936
1381,0,1145,963
1382,0,969,938
1383,0,1123,956
1384,0,974,936
1385,0,1104,959
1386,0,979,944
1387,0,1098,950
1388,0,969,938
1389,0,1076,950
1390,0,974,948
1391,0,1050,950
1392,0,971,949
1393,0,1076,960
1394,0,983,943
1395,0,1034,951
1396,0,976,949
1397,0,1054,949
1398,0,978,939
1399,0,1028,959
1400,0,993,942
1401,0,1043,941
1402,0,986,943
1403,0,1031,943
1404,0,990,936
1405,0,1035,943
1406,0,988,939
1407,0,1031,955
1408,0,993,946
1409,0,1015,945
1410,0,998,939
1411,0,1023,945
1412,0,981,947
1413,0,985,941
1414,0,1020,939
1415,0,991,946
1416,0,1021,932
1417,0,985,947
1418,0,992,946
1419,0,984,959
1420,0,1005,944
1421,0,985,950
1422,0,995,942
1423,0,988,947
1424,0,1006,945
1425,0,979,947
1426,0,999,951
1427,0,979,942
1428,0,998,948
1429,0,979,949
1430,0,991,946
1431,0,978,947
1432,0,981,951
1433,0,983,948
1434,0,971,946
1435,0,991,947
1436,0,981,948
1437,0,987,942
1438,0,987,945
1439,0,971,952
1440,0,964,941
1441,0,981,941
1442,0,974,938
1443,0,978,938
1444,0,964,943
1445,0,967,945
1446,0,971,936
1447,0,970,941
1448,0,965,932
1449,0,965,935
1450,0,964,935
1451,0,967,946
1452,0,967,938
1453,0,968,942
1454,0,963,943
1455,0,975,939
1456,0,970,935
1457,0,969,940
1458,0,971,936
1459,0,979,934
1460,0,965,940
1461,0,969,937
1462,0,964,939
1463,0,952,943
1464,0,959,943
1465,0,974,942
1466,0,962,941
1467,0,968,938
1468,0,962,939
1469,0,987,930
1470,0,980,939
1471,0,989,935
1472,0,974,936
1473,0,980,948
1474,0,975,939
1475,0,969,943
1476,0,971,942
1477,0,985,939
1478,0,982,946
1479,0,985,944
1480,0,980,946
1481,0,991,939
1482,0,981,936
1483,0,991,944
1484,0,989,934
1485,0,981,938
1486,0,975,947
1487,0,973,959
1488,0,979,950
1489,0,987,949
1490,0,988,942
1491,0,998,940
1492,0,977,944
1493,0,982,946
1494,0,974,946
1495,0,996,944
1496,0,979,937
1497,0,984,945
1498,0,976,942
1499,0,971,947
1500,0,975,947
1501,0,998,948
1502,0,983,954
1503,0,994,939
1504,0,975,946
1505,0,977,937
1506,0,967,955
1507,0,978,954
1508,0,969,954
1509,0,982,949
1510,0,974,946
1511,0,982,952
1512,0,969,945
1513,0,969,953
1514,0,978,957
1515,0,989,935
1516,0,969,940
1517,0,982,943
1518,0,976,943
1519,0,980,944
1520,0,966,943
1521,0,962,943
1522,0,961,933
1523,0,970,949
1524,0,967,949
1525,0,977,942
1526,0,975,936
1527,0,985,937
1528,0,968,939
1529,0,971,937
1530,0,963,933
1531,0,965,950
1532,0,961,935
1533,0,980,935
1534,0,971,935
1535,0,976,941
1536,0,970,936
1537,0,978,932
1538,0,971,929
1539,0,975,934
1540,0,975,922
1541,0,981,938
1542,0,984,932
1543,0,990,927
1544,0,964,930
1545,0,975,941
1546,0,966,938
1547,0,973,938
1548,0,968,946
1549,0,981,937
1550,0,987,943
1551,0,986,946
1552,0,984,939
1553,0,978,940
1554,0,978,943
1555,0,981,947
1556,0,982,947
1557,0,989,947
1558,0,975,951
1559,0,991,946
1560,0,979,948
1561,0,983,952
1562,0,980,945
1563,0,988,944
1564,0,992,941
1565,0,989,946
1566,0,977,942
1567,0,980,943
1568,0,985,938
1569,0,992,952
1570,0,983,947
1571,0,983,949
1572,0,966,945
1573,0,973,953
1574,0,975,938
1575,0,983,943
1576,0,977,952
1577,0,979,951
1578,0,979,945
1579,0,979,947
1580,0,970,947
1581,0,978,967
1582,0,981,952
1583,0,982,949
1584,0,978,952
1585,0,978,950
1586,0,979,943
1587,0,985,938
1588,0,986,951
1589,0,982,943
1590,0,966,952
1591,0,979,954
1592,0,978,944
1593,0,987,951
1594,0,977,948
1595,0,980,950
1596,0,968,955
1597,0,978,941
1598,0,974,946
1599,0,973,951
1600,0,977,937
1601,0,979,944
1602,0,961,943
1603,0,957,947
1604,0,951,944
1605,0,959,936
1606,0,964,942
1607,0,967,939
1608,0,967,941
1609,0,961,933
1610,0,965,942
1611,0,970,942
1612,0,961,942
1613,0,966,938
1614,0,959,937
1615,0,963,939
1616,0,970,933
1617,0,988,926
1618,0,984,929
1619,0,980,930
1620,0,978,945
1621,0,983,936
1622,0,980,936
1623,0,975,942
1624,0,966,948
1625,0,968,938
1626,0,963,938
1627,0,984,957
1628,0,982,933
1629,0,985,948
1630,0,985,937
1631,0,1002,941
1632,0,981,940
1633,0,988,944
1634,0,975,938
1635,0,981,936
1636,0,977,946
1637,0,994,939
1638,0,977,944
1639,0,986,947
1640,0,980,952
1641,0,982,977
1642,0,982,947
1643,0,982,1006
1644,0,975,951
1645,0,987,1079
1646,0,975,963
1647,0,976,1151
1648,0,974,952
1649,0,979,1210
1650,0,980,958
1651,0,985,1251
1652,0,987,939
1653,0,1003,1196
1654,0,984,953
1655,0,995,1181
1656,0,982,947
1657,0,985,1141
1658,0,977,964
1659,0,977,1135
1660,0,978,958
1661,0,992,1099
1662,0,986,942
1663,0,982,1060
1664,0,978,943
1665,0,980,1079
1666,0,976,947
1667,0,981,1046
1668,0,988,939
1669,0,988,1039
1670,0,987,945
1671,0,983,1030
1672,0,971,952
1673,0,970,1032
1674,0,968,949
1675,0,970,1023
1676,0,966,946
1677,0,988,1021
1678,0,973,945
1679,0,1016,985
1680,0,971,962
1681,0,1047,1013
1682,0,968,947
1683,0,1102,990
1684,0,960,944
1685,0,1167,977
1686,0,952,945
1687,0,1241,971
1688,0,955,940
1689,0,1247,977
1690,0,964,938
1691,0,1229,962
1692,0,979,934
1693,0,1201,971
1694,0,968,937
1695,0,1167,973
1696,0,959,931
1697,0,1143,963
1698,0,969,930
1699,0,1110,966
1700,0,958,944
1701,0,1103,967
1702,0,966,934
1703,0,1111,951
1704,0,965,933
1705,0,1066,943
1706,0,979,931
1707,0,1056,951
1708,0,968,948
1709,0,1063,959
1710,0,974,934
1711,0,1069,937
1712,0,979,937
1713,0,1032,946
1714,0,983,936
1715,0,1032,931
1716,0,975,938
1717,0,1023,959
1718,0,981,937
1719,0,1010,951
1720,0,991,939
1721,0,1035,943
1722,0,983,955
1723,0,1017,947
1724,0,988,938
1725,0,1005,941
1726,0,991,937
1727,0,1005,946
1728,0,985,944
1729,0,1002,949
1730,0,970,953
1731,0,993,952
1732,0,969,950
1733,0,972,951
1734,0,976,957
1735,0,987,951
1736,0,974,954
1737,0,1006,948
1738,0,980,965
1739,0,980,947
1740,0,977,951
1741,0,993,955
1742,0,974,944
1743,0,974,952
1744,0,986,944
1745,0,984,945
1746,0,989,950
1747,0,990,941
1748,0,979,944
1749,0,970,949
1750,0,984,943
1751,0,980,950
1752,0,983,951
1753,0,977,957
1754,0,973,946
1755,0,969,951
1756,0,974,943
1757,0,973,953
1758,0,986,942
1759,0,968,938
1760,0,967,949
1761,0,958,954
1762,0,961,945
1763,0,964,946
1764,0,970,945
1765,0,965,940
1766,0,966,935
1767,0,956,938
1768,0,961,943
1769,0,955,939
1770,0,968,941
1771,0,959,937
1772,0,959,935
1773,0,961,939
1774,0,965,937
1775,0,967,933
1776,0,985,945
1777,0,965,948
1778,0,957,944
1779,0,966,940
1780,0,978,935
1781,0,976,925
1782,0,986,932
1783,0,974,933
1784,0,967,937
1785,0,969,933
1786,0,976,934
1787,0,976,931
1788,0,989,936
1789,0,983,937
1790,0,993,943
1791,0,976,937
1792,0,976,938
1793,0,975,937
1794,0,979,935
1795,0,978,943
1796,0,979,943
1797,0,976,939
1798,0,983,951
1799,0,974,950
1800,0,975,953
1801,0,967,961
1802,0,990,947
1803,0,977,951
1804,0,981,948
1805,0,972,945
1806,0,979,949
1807,0,974,944
1808,0,979,961
1809,0,965,948
1810,0,977,948
1811,0,973,956
1812,0,983,948
1813,0,970,957
1814,0,978,953
1815,0,972,954
1816,0,994,958
1817,0,979,963
1818,0,982,954
1819,0,978,946
1820,0,990,940
1821,0,978,948
1822,0,980,946
1823,0,967,938
1824,0,983,947
1825,0,975,951
1826,0,971,946
1827,0,966,944
1828,0,964,955
1829,0,972,950
1830,0,977,953
1831,0,972,933
1832,0,975,951
1833,0,956,960
1834,0,972,949
1835,0,966,940
1836,0,967,955
1837,0,963,946
1838,0,979,949
1839,0,963,945
1840,0,974,941
1841,0,967,932
1842,0,975,928
1843,0,967,931
1844,0,974,930
1845,0,964,937
1846,0,964,940
1847,0,955,939
1848,0,960,931
1849,0,955,951
1850,0,971,942
1851,0,955,943
1852,0,967,939
1853,0,961,928
1854,0,969,935
1855,0,970,939
1856,0,976,943
1857,0,966,941
1858,0,967,939
1859,0,964,935
1860,0,968,937
1861,0,964,933
1862,0,973,946
1863,0,973,955
1864,0,985,937
1865,0,971,941
1866,0,981,943
1867,0,978,942
1868,0,973,947
1869,0,960,942
1870,0,980,944
1871,0,981,940
1872,0,986,951
1873,0,988,937
1874,0,995,937
1875,0,985,937
1876,0,981,945
1877,0,975,959
1878,0,983,941
1879,0,981,951
1880,0,982,947
1881,0,968,950
1882,0,974,947
1883,0,980,946
1884,0,982,939
1885,0,975,956
1886,0,969,951
1887,0,983,952
1888,0,981,953
1889,0,988,944
1890,0,987,959
1891,0,979,943
1892,0,980,949
1893,0,972,951
1894,0,976,945
1895,0,989,944
1896,0,973,943
1897,0,980,950
1898,0,975,951
1899,0,978,952
1900,0,974,946
1901,0,985,940
1902,0,977,959
1903,0,982,948
1904,0,983,943
1905,0,990,938
1906,0,988,940
1907,0,990,943
1908,0,983,947
1909,0,1001,943
1910,0,978,933
1911,0,984,944
1912,0,973,941
1913,0,980,943
1914,0,974,948
1915,0,974,937
1916,0,971,936
1917,0,982,928
1918,0,965,931
1919,0,971,947
1920,0,971,929
1921,0,985,928
1922,0,977,941
1923,0,974,935
1924,0,961,934
1925,0,963,941
1926,0,967,931
1927,0,976,946
1928,0,968,932
1929,0,974,934
1930,0,969,928
1931,0,976,951
1932,0,961,937
1933,0,977,975
1934,0,969,943
1935,0,974,1011
1936,0,975,932
1937,0,978,1087
1938,0,978,935
1939,0,975,1119
1940,0,979,939
1941,0,976,1200
1942,0,985,937
1943,0,989,1214
1944,0,990,923
1945,0,997,1180
1946,0,977,934
1947,0,984,1173
1948,0,978,935
1949,0,990,1124
1950,0,981,935
1951,0,979,1106
1952,0,974,939
1953,0,977,1107
1954,0,991,945
1955,0,991,1072
1956,0,977,938
1957,0,998,1086
1958,0,987,939
1959,0,989,1065
1960,0,977,945
1961,0,981,1038
1962,0,981,937
1963,0,983,1044
1964,0,972,939
1965,0,981,1025
1966,0,979,944
1967,0,993,1027
1968,0,975,946
1969,0,979,1002
1970,0,980,951
1971,0,1013,1005
1972,0,980,963
1973,0,1036,1023
1974,0,973,949
1975,0,1108,1002
1976,0,982,947
1977,0,1175,991
1978,0,977,940
1979,0,1229,987
1980,0,983,950
1981,0,1278,971
1982,0,969,945
1983,0,1208,973
1984,0,972,954
1985,0,1190,981
1986,0,962,946
1987,0,1152,960
1988,0,997,941
1989,0,1159,962
1990,0,984,931
1991,0,1143,954
1992,0,971,942
1993,0,1125,954
1994,0,973,939
1995,0,1101,948
1996,0,972,939
1997,0,1064,961
1998,0,983,947
1999,0,1087,938
2000,0,972,938
2001,0,1063,945
2002,0,960,933
2003,0,1063,939
2004,0,974,935
2005,0,1015,936
2006,0,952,936
2007,0,1028,951
2008,0,960,938
2009,0,1022,934
2010,0,972,936
2011,0,1022,936
2012,0,965,936
2013,0,991,941
2014,0,966,933
2015,0,999,938
2016,0,975,939
2017,0,987,930
2018,0,977,931
2019,0,996,930
2020,0,975,942
2021,0,999,939
2022,0,980,932
2023,0,993,930
2024,0,983,939
2025,0,1007,940
2026,0,974,941
2027,0,1001,946
2028,0,979,942
2029,0,976,938
2030,0,981,939
2031,0,989,936
2032,0,998,938
2033,0,997,941
2034,0,991,930
2035,0,1015,931
2036,0,993,943
2037,0,1003,941
2038,0,983,947
2039,0,995,945
2040,0,994,941
2041,0,1006,953
2042,0,985,945
2043,0,987,943
2044,0,990,946
2045,0,989,954
2046,0,988,936
2047,0,984,943
2048,0,986,946
2049,0,988,943
2050,0,987,946
2051,0,976,950
2052,0,977,948
2053,0,973,953
2054,0,984,942
2055,0,979,948
2056,0,988,938
2057,0,987,942
2058,0,997,946
2059,0,975,943
2060,0,980,945
2061,0,975,947
2062,0,977,952
2063,0,965,950
2064,0,977,944
2065,0,966,951
2066,0,980,957
2067,0,970,947
2068,0,974,963
2069,0,968,945
2070,0,976,951
2071,0,973,942
2072,0,987,941
2073,0,975,932
2074,0,969,950
2075,0,966,943
2076,0,980,933
2077,0,969,933
2078,0,976,938
2079,0,964,945
2080,0,966,943
2081,0,953,941
2082,0,971,931
2083,0,955,940
2084,0,960,933
2085,0,955,940
2086,0,968,949
2087,0,955,935
2088,0,971,947
2089,0,958,939
2090,0,971,930
2091,0,963,939
2092,0,958,937
2093,0,971,936
2094,0,972,938
2095,0,975,934
2096,0,981,937
2097,0,965,939
2098,0,962,931
2099,0,955,930
2100,0,973,934
2101,0,970,935
2102,0,974,934
2103,0,970,931
2104,0,982,934
2105,0,977,939
2106,0,995,931
2107,0,975,928
2108,0,978,934
2109,0,963,931
2110,0,971,942
2111,0,964,941
2112,0,972,938
2113,0,970,945
2114,0,982,942
2115,0,982,946
2116,0,991,938
2117,0,985,933
2118,0,980,941
2119,0,979,944
2120,0,993,949
2121,0,973,941
2122,0,973,947
2123,0,977,946
2124,0,982,946
2125,0,985,944
2126,0,987,943
2127,0,981,943
2128,0,977,948
2129,0,972,943
2130,0,984,945
2131,0,979,935
2132,0,978,946
2133,0,979,941
2134,0,978,947
2135,0,973,950
2136,0,995,943
2137,0,989,941
2138,0,992,945
2139,0,977,945
2140,0,975,944
2141,0,968,950
2142,0,977,951
2143,0,973,948
2144,0,979,956
2145,0,968,955
2146,0,976,946
2147,0,967,940
2148,0,977,946
2149,0,971,943
2150,0,979,951
2151,0,977,952
2152,0,974,950
2153,0,965,948
2154,0,968,951
2155,0,968,943
2156,0,973,949
2157,0,964,943
2158,0,959,950
2159,0,975,944
2160,0,971,939
2161,0,971,933
2162,0,975,940
2163,0,961,933
2164,0,975,930
2165,0,961,942
2166,0,959,932
2167,0,965,946
2168,0,960,930
2169,0,968,932
2170,0,974,931
2171,0,970,946
2172,0,973,929
2173,0,978,934
2174,0,970,934
2175,0,973,935
2176,0,974,929
2177,0,972,920
2178,0,981,939
2179,0,964,942
2180,0,965,943
2181,0,972,949
2182,0,994,940
2183,0,976,941
2184,0,975,939
2185,0,980,936
2186,0,984,936
2187,0,982,931
2188,0,983,938
2189,0,980,940
2190,0,985,944
2191,0,974,937
2192,0,983,941
2193,0,969,939
2194,0,980,943
2195,0,977,942
2196,0,985,945
2197,0,981,942
2198,0,993,942
2199,0,982,938
2200,0,988,941
2201,0,978,944
2202,0,984,937
2203,0,971,941
2204,0,985,942
2205,0,968,938
2206,0,977,941
2207,0,964,949
2208,0,969,951
2209,0,984,939
2210,0,984,948
2211,0,977,946
2212,0,989,945
2213,0,972,943
2214,0,975,943
2215,0,971,939
2216,0,975,945
2217,0,978,943
2218,0,987,943
2219,0,980,946
2220,0,977,945
2221,0,975,943
2222,0,981,936
2223,0,970,941
2224,0,981,948
2225,0,974,941
2226,0,977,965
2227,0,972,941
2228,0,979,945
2229,0,978,950
2230,0,971,958
2231,0,973,944
2232,0,983,959
2233,0,973,948
2234,0,983,945
2235,0,974,943
2236,0,972,941
2237,0,953,948
2238,0,949,943
2239,0,962,949
2240,0,964,951
2241,0,958,943
2242,0,958,954
2243,0,965,935
2244,0,965,935
2245,0,970,931
2246,0,964,943
2247,0,967,942
2248,0,971,974
2249,0,959,936
2250,0,964,1003
2251,0,976,931
2252,0,977,1049
2253,0,966,925
2254,0,974,1130
2255,0,968,923
2256,0,973,1173
2257,0,977,931
2258,0,977,1216
2259,0,966,935
2260,0,968,1187
2261,0,974,941
2262,0,980,1167
2263,0,981,933
2264,0,992,1147
2265,0,991,933
2266,0,991,1111
2267,0,977,943
2268,0,975,1104
2269,0,982,936
2270,0,980,1087
2271,0,989,934
2272,0,985,1087
2273,0,982,940
2274,0,989,1063
2275,0,969,940
2276,0,973,1060
2277,0,983,946
2278,0,978,1033
2279,0,979,950
2280,0,969,1031
2281,0,978,949
2282,0,981,1031
2283,0,978,949
2284,0,983,1007
2285,0,977,940
2286,0,1004,1004
2287,0,983,942
2288,0,1039,1013
2289,0,989,936
2290,0,1117,982
2291,0,987,939
2292,0,1167,987
2293,0,979,947
2294,0,1231,968
2295,0,991,948
2296,0,1277,969
2297,0,990,944
2298,0,1244,986
2299,0,973,955
2300,0,1184,969
2301,0,980,939
2302,0,1184,970
2303,0,983,937
2304,0,1171,952
2305,0,975,930
2306,0,1143,961
2307,0,968,958
2308,0,1124,959
2309,0,968,943
2310,0,1118,959
2311,0,970,937
2312,0,1090,954
2313,0,980,936
2314,0,1064,948
2315,0,967,948
2316,0,1071,944
2317,0,961,942
2318,0,1059,959
2319,0,965,947
2320,0,1043,949
2321,0,964,942
2322,0,1021,948
2323,0,965,940
2324,0,1013,952
2325,0,967,935
2326,0,1017,938
2327,0,972,929
2328,0,1005,939
2329,0,963,937
2330,0,1007,943
2331,0,969,935
2332,0,1011,934
2333,0,976,928
2334,0,996,932
2335,0,977,938
2336,0,971,945
2337,0,982,938
2338,0,997,945
2339,0,983,934
2340,0,995,947
2341,0,974,936
2342,0,993,937
2343,0,975,933
2344,0,987,947
2345,0,984,931
2346,0,998,943
2347,0,979,943
2348,0,986,939
