"Session","Class","Speed","Distance","Events","CSV","Metadata","MatrixKey"
"session01","clicking_hand","fast","far","5","C:\Users\Oguzm\OneDrive - ozyegin.edu.tr\Desktop\Github_Projects\TrentoProjects\Raw_Data_Capture\New Python Filess\dataset\model-pilot\raw\fs2000\subject01\session01\clicking_hand\fast\far\subject01_session01_clicking_hand_fast_far_20260817T222324_809354Z.csv","C:\Users\Oguzm\OneDrive - ozyegin.edu.tr\Desktop\Github_Projects\TrentoProjects\Raw_Data_Capture\New Python Filess\dataset\model-pilot\raw\fs2000\subject01\session01\clicking_hand\fast\far\subject01_session01_clicking_hand_fast_far_20260817T222324_809354Z.metadata.json","session01|clicking_hand|fast|far"
"session01","clicking_hand","normal","far","5","C:\Users\Oguzm\OneDrive - ozyegin.edu.tr\Desktop\Github_Projects\TrentoProjects\Raw_Data_Capture\New Python Filess\dataset\model-pilot\raw\fs2000\subject01\session01\clicking_hand\normal\far\subject01_session01_clicking_hand_normal_far_20260817T222250_813501Z.csv","C:\Users\Oguzm\OneDrive - ozyegin.edu.tr\Desktop\Github_Projects\TrentoProjects\Raw_Data_Capture\New Python Filess\dataset\model-pilot\raw\fs2000\subject01\session01\clicking_hand\normal\far\subject01_session01_clicking_hand_normal_far_20260817T222250_813501Z.metadata.json","session01|clicking_hand|normal|far"
"session01","clicking_hand","slow","far","5","C:\Users\Oguzm\OneDrive - ozyegin.edu.tr\Desktop\Github_Projects\TrentoProjects\Raw_Data_Capture\New Python Filess\dataset\model-pilot\raw\fs2000\subject01\session01\clicking_hand\slow\far\subject01_session01_clicking_hand_slow_far_20260817T222218_488246Z.csv","C:\Users\Oguzm\OneDrive - ozyegin.edu.tr\Desktop\Github_Projects\TrentoProjects\Raw_Data_Capture\New Python Filess\dataset\model-pilot\raw\fs2000\subject01\session01\clicking_hand\slow\far\subject01_session01_clicking_hand_slow_far_20260817T222218_488246Z.metadata.json","session01|clicking_hand|slow|far"
"session01","clicking_hand","fast","mid","5","C:\Users\Oguzm\OneDrive - ozyegin.edu.tr\Desktop\Github_Projects\TrentoProjects\Raw_Data_Capture\New Python Filess\dataset\model-pilot\raw\fs2000\subject01\session01\clicking_hand\fast\mid\subject01_session01_clicking_hand_fast_mid_20260817T222145_563094Z.csv","C:\Users\Oguzm\OneDrive - ozyegin.edu.tr\Desktop\Github_Projects\TrentoProjects\Raw_Data_Capture\New Python Filess\dataset\model-pilot\raw\fs2000\subject01\session01\clicking_hand\fast\mid\subject01_session01_clicking_hand_fast_mid_20260817T222145_563094Z.metadata.json","session01|clicking_hand|fast|mid"
"session01","clicking_hand","normal","mid","5","C:\Users\Oguzm\OneDrive - ozyegin.edu.tr\Desktop\Github_Projects\TrentoProjects\Raw_Data_Capture\New Python Filess\dataset\model-pilot\raw\fs2000\subject01\session01\clicking_hand\normal\mid\subject01_session01_clicking_hand_normal_mid_20260817T222113_024667Z.csv","C:\Users\Oguzm\OneDrive - ozyegin.edu.tr\Desktop\Github_Projects\TrentoProjects\Raw_Data_Capture\New Python Filess\dataset\model-pilot\raw\fs2000\subject01\session01\clicking_hand\normal\mid\subject01_session01_clicking_hand_normal_mid_20260817T222113_024667Z.metadata.json","session01|clicking_hand|normal|mid"
"session01","clicking_hand","slow","mid","5","C:\Users\Oguzm\OneDrive - ozyegin.edu.tr\Desktop\Github_Projects\TrentoProjects\Raw_Data_Capture\New Python Filess\dataset\model-pilot\raw\fs2000\subject01\session01\clicking_hand\slow\mid\subject01_session01_clicking_hand_slow_mid_20260817T222040_258703Z.csv","C:\Users\Oguzm\OneDrive - ozyegin.edu.tr\Desktop\Github_Projects\TrentoProjects\Raw_Data_Capture\New Python Filess\dataset\model-pilot\raw\fs2000\subject01\session01\clicking_hand\slow\mid\subject01_session01_clicking_hand_slow_mid_20260817T222040_258703Z.metadata.json","session01|clicking_hand|slow|mid"
"session01","clicking_hand","fast","near","5","C:\Users\Oguzm\OneDrive - ozyegin.edu.tr\Desktop\Github_Projects\TrentoProjects\Raw_Data_Capture\New Python Filess\dataset\model-pilot\raw\fs2000\subject01\session01\clicking_hand\fast\near\subject01_session01_clicking_hand_fast_near_20260817T221903_591681Z.csv","C:\Users\Oguzm\OneDrive - ozyegin.edu.tr\Desktop\Github_Projects\TrentoProjects\Raw_Data_Capture\New Python Filess\dataset\model-pilot\raw\fs2000\subject01\session01\clicking_hand\fast\near\subject01_session01_clicking_hand_fast_near_20260817T221903_591681Z.metadata.json","session01|clicking_hand|fast|near"
"session01","clicking_hand","normal","near","5","C:\Users\Oguzm\OneDrive - ozyegin.edu.tr\Desktop\Github_Projects\TrentoProjects\Raw_Data_Capture\New Python Filess\dataset\model-pilot\raw\fs2000\subject01\session01\clicking_hand\normal\near\subject01_session01_clicking_hand_normal_near_20260817T221815_679173Z.csv","C:\Users\Oguzm\OneDrive - ozyegin.edu.tr\Desktop\Github_Projects\TrentoProjects\Raw_Data_Capture\New Python Filess\dataset\model-pilot\raw\fs2000\subject01\session01\clicking_hand\normal\near\subject01_session01_clicking_hand_normal_near_20260817T221815_679173Z.metadata.json","session01|clicking_hand|normal|near"
"session01","clicking_hand","slow","near","5","C:\Users\Oguzm\OneDrive - ozyegin.edu.tr\Desktop\Github_Projects\TrentoProjects\Raw_Data_Capture\New Python Filess\dataset\model-pilot\raw\fs2000\subject01\session01\clicking_hand\slow\near\subject01_session01_clicking_hand_slow_near_20260817T221734_779162Z.csv","C:\Users\Oguzm\OneDrive - ozyegin.edu.tr\Desktop\Github_Projects\TrentoProjects\Raw_Data_Capture\New Python Filess\dataset\model-pilot\raw\fs2000\subject01\session01\clicking_hand\slow\near\subject01_session01_clicking_hand_slow_near_20260817T221734_779162Z.metadata.json","session01|clicking_hand|slow|near"
"session01","empty","fast","na","0","C:\Users\Oguzm\OneDrive - ozyegin.edu.tr\Desktop\Github_Projects\TrentoProjects\Raw_Data_Capture\New Python Filess\dataset\model-pilot\raw\fs2000\subject01\session01\empty\fast\na\subject01_session01_empty_fast_na_20260817T220107_984195Z.csv","C:\Users\Oguzm\OneDrive - ozyegin.edu.tr\Desktop\Github_Projects\TrentoProjects\Raw_Data_Capture\New Python Filess\dataset\model-pilot\raw\fs2000\subject01\session01\empty\fast\na\subject01_session01_empty_fast_na_20260817T220107_984195Z.metadata.json","session01|empty|fast|na"
"session01","empty","normal","na","0","C:\Users\Oguzm\OneDrive - ozyegin.edu.tr\Desktop\Github_Projects\TrentoProjects\Raw_Data_Capture\New Python Filess\dataset\model-pilot\raw\fs2000\subject01\session01\empty\normal\na\subject01_session01_empty_normal_na_20260817T220038_914789Z.csv","C:\Users\Oguzm\OneDrive - ozyegin.edu.tr\Desktop\Github_Projects\TrentoProjects\Raw_Data_Capture\New Python Filess\dataset\model-pilot\raw\fs2000\subject01\session01\empty\normal\na\subject01_session01_empty_normal_na_20260817T220038_914789Z.metadata.json","session01|empty|normal|na"
"session01","empty","slow","na","0","C:\Users\Oguzm\OneDrive - ozyegin.edu.tr\Desktop\Github_Projects\TrentoProjects\Raw_Data_Capture\New Python Filess\dataset\model-pilot\raw\fs2000\subject01\session01\empty\slow\na\subject01_session01_empty_slow_na_20260817T220006_953226Z.csv","C:\Users\Oguzm\OneDrive - ozyegin.edu.tr\Desktop\Github_Projects\TrentoProjects\Raw_Data_Capture\New Python Filess\dataset\model-pilot\raw\fs2000\subject01\session01\empty\slow\na\subject01_session01_empty_slow_na_20260817T220006_953226Z.metadata.json","session01|empty|slow|na"
"session01","left_horizontal_scroll","fast","far","5","C:\Users\Oguzm\OneDrive - ozyegin.edu.tr\Desktop\Github_Projects\TrentoProjects\Raw_Data_Capture\New Python Filess\dataset\model-pilot\raw\fs2000\subject01\session01\left_horizontal_scroll\fast\far\subject01_session01_left_horizontal_scroll_fast_far_20260818T211215_406707Z.csv","C:\Users\Oguzm\OneDrive - ozyegin.edu.tr\Desktop\Github_Projects\TrentoProjects\Raw_Data_Capture\New Python Filess\dataset\model-pilot\raw\fs2000\subject01\session01\left_horizontal_scroll\fast\far\subject01_session01_left_horizontal_scroll_fast_far_20260818T211215_406707Z.metadata.json","session01|left_horizontal_scroll|fast|far"
"session01","left_horizontal_scroll","normal","far","5","C:\Users\Oguzm\OneDrive - ozyegin.edu.tr\Desktop\Github_Projects\TrentoProjects\Raw_Data_Capture\New Python Filess\dataset\model-pilot\raw\fs2000\subject01\session01\left_horizontal_scroll\normal\far\subject01_session01_left_horizontal_scroll_normal_far_20260818T211140_514086Z.csv","C:\Users\Oguzm\OneDrive - ozyegin.edu.tr\Desktop\Github_Projects\TrentoProjects\Raw_Data_Capture\New Python Filess\dataset\model-pilot\raw\fs2000\subject01\session01\left_horizontal_scroll\normal\far\subject01_session01_left_horizontal_scroll_normal_far_20260818T211140_514086Z.metadata.json","session01|left_horizontal_scroll|normal|far"
"session01","left_horizontal_scroll","slow","far","5","C:\Users\Oguzm\OneDrive - ozyegin.edu.tr\Desktop\Github_Projects\TrentoProjects\Raw_Data_Capture\New Python Filess\dataset\model-pilot\raw\fs2000\subject01\session01\left_horizontal_scroll\slow\far\subject01_session01_left_horizontal_scroll_slow_far_20260818T211107_650064Z.csv","C:\Users\Oguzm\OneDrive - ozyegin.edu.tr\Desktop\Github_Projects\TrentoProjects\Raw_Data_Capture\New Python Filess\dataset\model-pilot\raw\fs2000\subject01\session01\left_horizontal_scroll\slow\far\subject01_session01_left_horizontal_scroll_slow_far_20260818T211107_650064Z.metadata.json","session01|left_horizontal_scroll|slow|far"
"session01","left_horizontal_scroll","fast","mid","5","C:\Users\Oguzm\OneDrive - ozyegin.edu.tr\Desktop\Github_Projects\TrentoProjects\Raw_Data_Capture\New Python Filess\dataset\model-pilot\raw\fs2000\subject01\session01\left_horizontal_scroll\fast\mid\subject01_session01_left_horizontal_scroll_fast_mid_20260818T211034_937457Z.csv","C:\Users\Oguzm\OneDrive - ozyegin.edu.tr\Desktop\Github_Projects\TrentoProjects\Raw_Data_Capture\New Python Filess\dataset\model-pilot\raw\fs2000\subject01\session01\left_horizontal_scroll\fast\mid\subject01_session01_left_horizontal_scroll_fast_mid_20260818T211034_937457Z.metadata.json","session01|left_horizontal_scroll|fast|mid"
"session01","left_horizontal_scroll","normal","mid","5","C:\Users\Oguzm\OneDrive - ozyegin.edu.tr\Desktop\Github_Projects\TrentoProjects\Raw_Data_Capture\New Python Filess\dataset\model-pilot\raw\fs2000\subject01\session01\left_horizontal_scroll\normal\mid\subject01_session01_left_horizontal_scroll_normal_mid_20260818T211002_102878Z.csv","C:\Users\Oguzm\OneDrive - ozyegin.edu.tr\Desktop\Github_Projects\TrentoProjects\Raw_Data_Capture\New Python Filess\dataset\model-pilot\raw\fs2000\subject01\session01\left_horizontal_scroll\normal\mid\subject01_session01_left_horizontal_scroll_normal_mid_20260818T211002_102878Z.metadata.json","session01|left_horizontal_scroll|normal|mid"
"session01","left_horizontal_scroll","slow","mid","5","C:\Users\Oguzm\OneDrive - ozyegin.edu.tr\Desktop\Github_Projects\TrentoProjects\Raw_Data_Capture\New Python Filess\dataset\model-pilot\raw\fs2000\subject01\session01\left_horizontal_scroll\slow\mid\subject01_session01_left_horizontal_scroll_slow_mid_20260818T210929_539516Z.csv","C:\Users\Oguzm\OneDrive - ozyegin.edu.tr\Desktop\Github_Projects\TrentoProjects\Raw_Data_Capture\New Python Filess\dataset\model-pilot\raw\fs2000\subject01\session01\left_horizontal_scroll\slow\mid\subject01_session01_left_horizontal_scroll_slow_mid_20260818T210929_539516Z.metadata.json","session01|left_horizontal_scroll|slow|mid"
"session01","left_horizontal_scroll","fast","near","5","C:\Users\Oguzm\OneDrive - ozyegin.edu.tr\Desktop\Github_Projects\TrentoProjects\Raw_Data_Capture\New Python Filess\dataset\model-pilot\raw\fs2000\subject01\session01\left_horizontal_scroll\fast\near\subject01_session01_left_horizontal_scroll_fast_near_20260818T210856_275099Z.csv","C:\Users\Oguzm\OneDrive - ozyegin.edu.tr\Desktop\Github_Projects\TrentoProjects\Raw_Data_Capture\New Python Filess\dataset\model-pilot\raw\fs2000\subject01\session01\left_horizontal_scroll\fast\near\subject01_session01_left_horizontal_scroll_fast_near_20260818T210856_275099Z.metadata.json","session01|left_horizontal_scroll|fast|near"
"session01","left_horizontal_scroll","normal","near","5","C:\Users\Oguzm\OneDrive - ozyegin.edu.tr\Desktop\Github_Projects\TrentoProjects\Raw_Data_Capture\New Python Filess\dataset\model-pilot\raw\fs2000\subject01\session01\left_horizontal_scroll\normal\near\subject01_session01_left_horizontal_scroll_normal_near_20260818T210823_809309Z.csv","C:\Users\Oguzm\OneDrive - ozyegin.edu.tr\Desktop\Github_Projects\TrentoProjects\Raw_Data_Capture\New Python Filess\dataset\model-pilot\raw\fs2000\subject01\session01\left_horizontal_scroll\normal\near\subject01_session01_left_horizontal_scroll_normal_near_20260818T210823_809309Z.metadata.json","session01|left_horizontal_scroll|normal|near"
"session01","left_horizontal_scroll","slow","near","5","C:\Users\Oguzm\OneDrive - ozyegin.edu.tr\Desktop\Github_Projects\TrentoProjects\Raw_Data_Capture\New Python Filess\dataset\model-pilot\raw\fs2000\subject01\session01\left_horizontal_scroll\slow\near\subject01_session01_left_horizontal_scroll_slow_near_20260818T210730_310349Z.csv","C:\Users\Oguzm\OneDrive - ozyegin.edu.tr\Desktop\Github_Projects\TrentoProjects\Raw_Data_Capture\New Python Filess\dataset\model-pilot\raw\fs2000\subject01\session01\left_horizontal_scroll\slow\near\subject01_session01_left_horizontal_scroll_slow_near_20260818T210730_310349Z.metadata.json","session01|left_horizontal_scroll|slow|near"
"session01","right_horizontal_scroll","fast","far","5","C:\Users\Oguzm\OneDrive - ozyegin.edu.tr\Desktop\Github_Projects\TrentoProjects\Raw_Data_Capture\New Python Filess\dataset\model-pilot\raw\fs2000\subject01\session01\right_horizontal_scroll\fast\far\subject01_session01_right_horizontal_scroll_fast_far_20260818T211725_336682Z.csv","C:\Users\Oguzm\OneDrive - ozyegin.edu.tr\Desktop\Github_Projects\TrentoProjects\Raw_Data_Capture\New Python Filess\dataset\model-pilot\raw\fs2000\subject01\session01\right_horizontal_scroll\fast\far\subject01_session01_right_horizontal_scroll_fast_far_20260818T211725_336682Z.metadata.json","session01|right_horizontal_scroll|fast|far"
"session01","right_horizontal_scroll","normal","far","5","C:\Users\Oguzm\OneDrive - ozyegin.edu.tr\Desktop\Github_Projects\TrentoProjects\Raw_Data_Capture\New Python Filess\dataset\model-pilot\raw\fs2000\subject01\session01\right_horizontal_scroll\normal\far\subject01_session01_right_horizontal_scroll_normal_far_20260818T211651_815847Z.csv","C:\Users\Oguzm\OneDrive - ozyegin.edu.tr\Desktop\Github_Projects\TrentoProjects\Raw_Data_Capture\New Python Filess\dataset\model-pilot\raw\fs2000\subject01\session01\right_horizontal_scroll\normal\far\subject01_session01_right_horizontal_scroll_normal_far_20260818T211651_815847Z.metadata.json","session01|right_horizontal_scroll|normal|far"
"session01","right_horizontal_scroll","slow","far","5","C:\Users\Oguzm\OneDrive - ozyegin.edu.tr\Desktop\Github_Projects\TrentoProjects\Raw_Data_Capture\New Python Filess\dataset\model-pilot\raw\fs2000\subject01\session01\right_horizontal_scroll\slow\far\subject01_session01_right_horizontal_scroll_slow_far_20260818T211617_535130Z.csv","C:\Users\Oguzm\OneDrive - ozyegin.edu.tr\Desktop\Github_Projects\TrentoProjects\Raw_Data_Capture\New Python Filess\dataset\model-pilot\raw\fs2000\subject01\session01\right_horizontal_scroll\slow\far\subject01_session01_right_horizontal_scroll_slow_far_20260818T211617_535130Z.metadata.json","session01|right_horizontal_scroll|slow|far"
"session01","right_horizontal_scroll","fast","mid","5","C:\Users\Oguzm\OneDrive - ozyegin.edu.tr\Desktop\Github_Projects\TrentoProjects\Raw_Data_Capture\New Python Filess\dataset\model-pilot\raw\fs2000\subject01\session01\right_horizontal_scroll\fast\mid\subject01_session01_right_horizontal_scroll_fast_mid_20260818T211544_559169Z.csv","C:\Users\Oguzm\OneDrive - ozyegin.edu.tr\Desktop\Github_Projects\TrentoProjects\Raw_Data_Capture\New Python Filess\dataset\model-pilot\raw\fs2000\subject01\session01\right_horizontal_scroll\fast\mid\subject01_session01_right_horizontal_scroll_fast_mid_20260818T211544_559169Z.metadata.json","session01|right_horizontal_scroll|fast|mid"
"session01","right_horizontal_scroll","normal","mid","5","C:\Users\Oguzm\OneDrive - ozyegin.edu.tr\Desktop\Github_Projects\TrentoProjects\Raw_Data_Capture\New Python Filess\dataset\model-pilot\raw\fs2000\subject01\session01\right_horizontal_scroll\normal\mid\subject01_session01_right_horizontal_scroll_normal_mid_20260818T211509_081546Z.csv","C:\Users\Oguzm\OneDrive - ozyegin.edu.tr\Desktop\Github_Projects\TrentoProjects\Raw_Data_Capture\New Python Filess\dataset\model-pilot\raw\fs2000\subject01\session01\right_horizontal_scroll\normal\mid\subject01_session01_right_horizontal_scroll_normal_mid_20260818T211509_081546Z.metadata.json","session01|right_horizontal_scroll|normal|mid"
"session01","right_horizontal_scroll","slow","mid","5","C:\Users\Oguzm\OneDrive - ozyegin.edu.tr\Desktop\Github_Projects\TrentoProjects\Raw_Data_Capture\New Python Filess\dataset\model-pilot\raw\fs2000\subject01\session01\right_horizontal_scroll\slow\mid\subject01_session01_right_horizontal_scroll_slow_mid_20260818T211435_128577Z.csv","C:\Users\Oguzm\OneDrive - ozyegin.edu.tr\Desktop\Github_Projects\TrentoProjects\Raw_Data_Capture\New Python Filess\dataset\model-pilot\raw\fs2000\subject01\session01\right_horizontal_scroll\slow\mid\subject01_session01_right_horizontal_scroll_slow_mid_20260818T211435_128577Z.metadata.json","session01|right_horizontal_scroll|slow|mid"
"session01","right_horizontal_scroll","fast","near","5","C:\Users\Oguzm\OneDrive - ozyegin.edu.tr\Desktop\Github_Projects\TrentoProjects\Raw_Data_Capture\New Python Filess\dataset\model-pilot\raw\fs2000\subject01\session01\right_horizontal_scroll\fast\near\subject01_session01_right_horizontal_scroll_fast_near_20260818T211402_647319Z.csv","C:\Users\Oguzm\OneDrive - ozyegin.edu.tr\Desktop\Github_Projects\TrentoProjects\Raw_Data_Capture\New Python Filess\dataset\model-pilot\raw\fs2000\subject01\session01\right_horizontal_scroll\fast\near\subject01_session01_right_horizontal_scroll_fast_near_20260818T211402_647319Z.metadata.json","session01|right_horizontal_scroll|fast|near"
"session01","right_horizontal_scroll","normal","near","5","C:\Users\Oguzm\OneDrive - ozyegin.edu.tr\Desktop\Github_Projects\TrentoProjects\Raw_Data_Capture\New Python Filess\dataset\model-pilot\raw\fs2000\subject01\session01\right_horizontal_scroll\normal\near\subject01_session01_right_horizontal_scroll_normal_near_20260818T211327_556902Z.csv","C:\Users\Oguzm\OneDrive - ozyegin.edu.tr\Desktop\Github_Projects\TrentoProjects\Raw_Data_Capture\New Python Filess\dataset\model-pilot\raw\fs2000\subject01\session01\right_horizontal_scroll\normal\near\subject01_session01_right_horizontal_scroll_normal_near_20260818T211327_556902Z.metadata.json","session01|right_horizontal_scroll|normal|near"
"session01","right_horizontal_scroll","slow","near","5","C:\Users\Oguzm\OneDrive - ozyegin.edu.tr\Desktop\Github_Projects\TrentoProjects\Raw_Data_Capture\New Python Filess\dataset\model-pilot\raw\fs2000\subject01\session01\right_horizontal_scroll\slow\near\subject01_session01_right_horizontal_scroll_slow_near_20260818T211252_877628Z.csv","C:\Users\Oguzm\OneDrive - ozyegin.edu.tr\Desktop\Github_Projects\TrentoProjects\Raw_Data_Capture\New Python Filess\dataset\model-pilot\raw\fs2000\subject01\session01\right_horizontal_scroll\slow\near\subject01_session01_right_horizontal_scroll_slow_near_20260818T211252_877628Z.metadata.json","session01|right_horizontal_scroll|slow|near"
"session02","clicking_hand","fast","far","5","C:\Users\Oguzm\OneDrive - ozyegin.edu.tr\Desktop\Github_Projects\TrentoProjects\Raw_Data_Capture\New Python Filess\dataset\model-pilot\raw\fs2000\subject01\session02\clicking_hand\fast\far\subject01_session02_clicking_hand_fast_far_20260817T222836_130162Z.csv","C:\Users\Oguzm\OneDrive - ozyegin.edu.tr\Desktop\Github_Projects\TrentoProjects\Raw_Data_Capture\New Python Filess\dataset\model-pilot\raw\fs2000\subject01\session02\clicking_hand\fast\far\subject01_session02_clicking_hand_fast_far_20260817T222836_130162Z.metadata.json","session02|clicking_hand|fast|far"
"session02","clicking_hand","normal","far","5","C:\Users\Oguzm\OneDrive - ozyegin.edu.tr\Desktop\Github_Projects\TrentoProjects\Raw_Data_Capture\New Python Filess\dataset\model-pilot\raw\fs2000\subject01\session02\clicking_hand\normal\far\subject01_session02_clicking_hand_normal_far_20260817T222801_339252Z.csv","C:\Users\Oguzm\OneDrive - ozyegin.edu.tr\Desktop\Github_Projects\TrentoProjects\Raw_Data_Capture\New Python Filess\dataset\model-pilot\raw\fs2000\subject01\session02\clicking_hand\normal\far\subject01_session02_clicking_hand_normal_far_20260817T222801_339252Z.metadata.json","session02|clicking_hand|normal|far"
"session02","clicking_hand","slow","far","5","C:\Users\Oguzm\OneDrive - ozyegin.edu.tr\Desktop\Github_Projects\TrentoProjects\Raw_Data_Capture\New Python Filess\dataset\model-pilot\raw\fs2000\subject01\session02\clicking_hand\slow\far\subject01_session02_clicking_hand_slow_far_20260817T222728_244471Z.csv","C:\Users\Oguzm\OneDrive - ozyegin.edu.tr\Desktop\Github_Projects\TrentoProjects\Raw_Data_Capture\New Python Filess\dataset\model-pilot\raw\fs2000\subject01\session02\clicking_hand\slow\far\subject01_session02_clicking_hand_slow_far_20260817T222728_244471Z.metadata.json","session02|clicking_hand|slow|far"
"session02","clicking_hand","fast","mid","5","C:\Users\Oguzm\OneDrive - ozyegin.edu.tr\Desktop\Github_Projects\TrentoProjects\Raw_Data_Capture\New Python Filess\dataset\model-pilot\raw\fs2000\subject01\session02\clicking_hand\fast\mid\subject01_session02_clicking_hand_fast_mid_20260817T222651_873352Z.csv","C:\Users\Oguzm\OneDrive - ozyegin.edu.tr\Desktop\Github_Projects\TrentoProjects\Raw_Data_Capture\New Python Filess\dataset\model-pilot\raw\fs2000\subject01\session02\clicking_hand\fast\mid\subject01_session02_clicking_hand_fast_mid_20260817T222651_873352Z.metadata.json","session02|clicking_hand|fast|mid"
"session02","clicking_hand","normal","mid","5","C:\Users\Oguzm\OneDrive - ozyegin.edu.tr\Desktop\Github_Projects\TrentoProjects\Raw_Data_Capture\New Python Filess\dataset\model-pilot\raw\fs2000\subject01\session02\clicking_hand\normal\mid\subject01_session02_clicking_hand_normal_mid_20260817T222617_954283Z.csv","C:\Users\Oguzm\OneDrive - ozyegin.edu.tr\Desktop\Github_Projects\TrentoProjects\Raw_Data_Capture\New Python Filess\dataset\model-pilot\raw\fs2000\subject01\session02\clicking_hand\normal\mid\subject01_session02_clicking_hand_normal_mid_20260817T222617_954283Z.metadata.json","session02|clicking_hand|normal|mid"
"session02","clicking_hand","slow","mid","5","C:\Users\Oguzm\OneDrive - ozyegin.edu.tr\Desktop\Github_Projects\TrentoProjects\Raw_Data_Capture\New Python Filess\dataset\model-pilot\raw\fs2000\subject01\session02\clicking_hand\slow\mid\subject01_session02_clicking_hand_slow_mid_20260817T222543_500602Z.csv","C:\Users\Oguzm\OneDrive - ozyegin.edu.tr\Desktop\Github_Projects\TrentoProjects\Raw_Data_Capture\New Python Filess\dataset\model-pilot\raw\fs2000\subject01\session02\clicking_hand\slow\mid\subject01_session02_clicking_hand_slow_mid_20260817T222543_500602Z.metadata.json","session02|clicking_hand|slow|mid"
"session02","clicking_hand","fast","near","5","C:\Users\Oguzm\OneDrive - ozyegin.edu.tr\Desktop\Github_Projects\TrentoProjects\Raw_Data_Capture\New Python Filess\dataset\model-pilot\raw\fs2000\subject01\session02\clicking_hand\fast\near\subject01_session02_clicking_hand_fast_near_20260817T222510_151962Z.csv","C:\Users\Oguzm\OneDrive - ozyegin.edu.tr\Desktop\Github_Projects\TrentoProjects\Raw_Data_Capture\New Python Filess\dataset\model-pilot\raw\fs2000\subject01\session02\clicking_hand\fast\near\subject01_session02_clicking_hand_fast_near_20260817T222510_151962Z.metadata.json","session02|clicking_hand|fast|near"
"session02","clicking_hand","normal","near","5","C:\Users\Oguzm\OneDrive - ozyegin.edu.tr\Desktop\Github_Projects\TrentoProjects\Raw_Data_Capture\New Python Filess\dataset\model-pilot\raw\fs2000\subject01\session02\clicking_hand\normal\near\subject01_session02_clicking_hand_normal_near_20260817T222437_399817Z.csv","C:\Users\Oguzm\OneDrive - ozyegin.edu.tr\Desktop\Github_Projects\TrentoProjects\Raw_Data_Capture\New Python Filess\dataset\model-pilot\raw\fs2000\subject01\session02\clicking_hand\normal\near\subject01_session02_clicking_hand_normal_near_20260817T222437_399817Z.metadata.json","session02|clicking_hand|normal|near"
"session02","clicking_hand","slow","near","5","C:\Users\Oguzm\OneDrive - ozyegin.edu.tr\Desktop\Github_Projects\TrentoProjects\Raw_Data_Capture\New Python Filess\dataset\model-pilot\raw\fs2000\subject01\session02\clicking_hand\slow\near\subject01_session02_clicking_hand_slow_near_20260817T222359_207956Z.csv","C:\Users\Oguzm\OneDrive - ozyegin.edu.tr\Desktop\Github_Projects\TrentoProjects\Raw_Data_Capture\New Python Filess\dataset\model-pilot\raw\fs2000\subject01\session02\clicking_hand\slow\near\subject01_session02_clicking_hand_slow_near_20260817T222359_207956Z.metadata.json","session02|clicking_hand|slow|near"
"session02","empty","fast","na","0","C:\Users\Oguzm\OneDrive - ozyegin.edu.tr\Desktop\Github_Projects\TrentoProjects\Raw_Data_Capture\New Python Filess\dataset\model-pilot\raw\fs2000\subject01\session02\empty\fast\na\subject01_session02_empty_fast_na_20260817T220311_664378Z.csv","C:\Users\Oguzm\OneDrive - ozyegin.edu.tr\Desktop\Github_Projects\TrentoProjects\Raw_Data_Capture\New Python Filess\dataset\model-pilot\raw\fs2000\subject01\session02\empty\fast\na\subject01_session02_empty_fast_na_20260817T220311_664378Z.metadata.json","session02|empty|fast|na"
"session02","empty","normal","na","0","C:\Users\Oguzm\OneDrive - ozyegin.edu.tr\Desktop\Github_Projects\TrentoProjects\Raw_Data_Capture\New Python Filess\dataset\model-pilot\raw\fs2000\subject01\session02\empty\normal\na\subject01_session02_empty_normal_na_20260817T220243_150566Z.csv","C:\Users\Oguzm\OneDrive - ozyegin.edu.tr\Desktop\Github_Projects\TrentoProjects\Raw_Data_Capture\New Python Filess\dataset\model-pilot\raw\fs2000\subject01\session02\empty\normal\na\subject01_session02_empty_normal_na_20260817T220243_150566Z.metadata.json","session02|empty|normal|na"
"session02","empty","slow","na","0","C:\Users\Oguzm\OneDrive - ozyegin.edu.tr\Desktop\Github_Projects\TrentoProjects\Raw_Data_Capture\New Python Filess\dataset\model-pilot\raw\fs2000\subject01\session02\empty\slow\na\subject01_session02_empty_slow_na_20260817T220208_230943Z.csv","C:\Users\Oguzm\OneDrive - ozyegin.edu.tr\Desktop\Github_Projects\TrentoProjects\Raw_Data_Capture\New Python Filess\dataset\model-pilot\raw\fs2000\subject01\session02\empty\slow\na\subject01_session02_empty_slow_na_20260817T220208_230943Z.metadata.json","session02|empty|slow|na"
"session02","left_horizontal_scroll","fast","far","5","C:\Users\Oguzm\OneDrive - ozyegin.edu.tr\Desktop\Github_Projects\TrentoProjects\Raw_Data_Capture\New Python Filess\dataset\model-pilot\raw\fs2000\subject01\session02\left_horizontal_scroll\fast\far\subject01_session02_left_horizontal_scroll_fast_far_20260818T212245_431979Z.csv","C:\Users\Oguzm\OneDrive - ozyegin.edu.tr\Desktop\Github_Projects\TrentoProjects\Raw_Data_Capture\New Python Filess\dataset\model-pilot\raw\fs2000\subject01\session02\left_horizontal_scroll\fast\far\subject01_session02_left_horizontal_scroll_fast_far_20260818T212245_431979Z.metadata.json","session02|left_horizontal_scroll|fast|far"
"session02","left_horizontal_scroll","normal","far","5","C:\Users\Oguzm\OneDrive - ozyegin.edu.tr\Desktop\Github_Projects\TrentoProjects\Raw_Data_Capture\New Python Filess\dataset\model-pilot\raw\fs2000\subject01\session02\left_horizontal_scroll\normal\far\subject01_session02_left_horizontal_scroll_normal_far_20260818T212212_614732Z.csv","C:\Users\Oguzm\OneDrive - ozyegin.edu.tr\Desktop\Github_Projects\TrentoProjects\Raw_Data_Capture\New Python Filess\dataset\model-pilot\raw\fs2000\subject01\session02\left_horizontal_scroll\normal\far\subject01_session02_left_horizontal_scroll_normal_far_20260818T212212_614732Z.metadata.json","session02|left_horizontal_scroll|normal|far"
"session02","left_horizontal_scroll","slow","far","5","C:\Users\Oguzm\OneDrive - ozyegin.edu.tr\Desktop\Github_Projects\TrentoProjects\Raw_Data_Capture\New Python Filess\dataset\model-pilot\raw\fs2000\subject01\session02\left_horizontal_scroll\slow\far\subject01_session02_left_horizontal_scroll_slow_far_20260818T212138_270517Z.csv","C:\Users\Oguzm\OneDrive - ozyegin.edu.tr\Desktop\Github_Projects\TrentoProjects\Raw_Data_Capture\New Python Filess\dataset\model-pilot\raw\fs2000\subject01\session02\left_horizontal_scroll\slow\far\subject01_session02_left_horizontal_scroll_slow_far_20260818T212138_270517Z.metadata.json","session02|left_horizontal_scroll|slow|far"
"session02","left_horizontal_scroll","fast","mid","5","C:\Users\Oguzm\OneDrive - ozyegin.edu.tr\Desktop\Github_Projects\TrentoProjects\Raw_Data_Capture\New Python Filess\dataset\model-pilot\raw\fs2000\subject01\session02\left_horizontal_scroll\fast\mid\subject01_session02_left_horizontal_scroll_fast_mid_20260818T212056_792120Z.csv","C:\Users\Oguzm\OneDrive - ozyegin.edu.tr\Desktop\Github_Projects\TrentoProjects\Raw_Data_Capture\New Python Filess\dataset\model-pilot\raw\fs2000\subject01\session02\left_horizontal_scroll\fast\mid\subject01_session02_left_horizontal_scroll_fast_mid_20260818T212056_792120Z.metadata.json","session02|left_horizontal_scroll|fast|mid"
"session02","left_horizontal_scroll","normal","mid","5","C:\Users\Oguzm\OneDrive - ozyegin.edu.tr\Desktop\Github_Projects\TrentoProjects\Raw_Data_Capture\New Python Filess\dataset\model-pilot\raw\fs2000\subject01\session02\left_horizontal_scroll\normal\mid\subject01_session02_left_horizontal_scroll_normal_mid_20260818T212024_485701Z.csv","C:\Users\Oguzm\OneDrive - ozyegin.edu.tr\Desktop\Github_Projects\TrentoProjects\Raw_Data_Capture\New Python Filess\dataset\model-pilot\raw\fs2000\subject01\session02\left_horizontal_scroll\normal\mid\subject01_session02_left_horizontal_scroll_normal_mid_20260818T212024_485701Z.metadata.json","session02|left_horizontal_scroll|normal|mid"
"session02","left_horizontal_scroll","slow","mid","5","C:\Users\Oguzm\OneDrive - ozyegin.edu.tr\Desktop\Github_Projects\TrentoProjects\Raw_Data_Capture\New Python Filess\dataset\model-pilot\raw\fs2000\subject01\session02\left_horizontal_scroll\slow\mid\subject01_session02_left_horizontal_scroll_slow_mid_20260818T211951_089193Z.csv","C:\Users\Oguzm\OneDrive - ozyegin.edu.tr\Desktop\Github_Projects\TrentoProjects\Raw_Data_Capture\New Python Filess\dataset\model-pilot\raw\fs2000\subject01\session02\left_horizontal_scroll\slow\mid\subject01_session02_left_horizontal_scroll_slow_mid_20260818T211951_089193Z.metadata.json","session02|left_horizontal_scroll|slow|mid"
"session02","left_horizontal_scroll","fast","near","5","C:\Users\Oguzm\OneDrive - ozyegin.edu.tr\Desktop\Github_Projects\TrentoProjects\Raw_Data_Capture\New Python Filess\dataset\model-pilot\raw\fs2000\subject01\session02\left_horizontal_scroll\fast\near\subject01_session02_left_horizontal_scroll_fast_near_20260818T211915_976680Z.csv","C:\Users\Oguzm\OneDrive - ozyegin.edu.tr\Desktop\Github_Projects\TrentoProjects\Raw_Data_Capture\New Python Filess\dataset\model-pilot\raw\fs2000\subject01\session02\left_horizontal_scroll\fast\near\subject01_session02_left_horizontal_scroll_fast_near_20260818T211915_976680Z.metadata.json","session02|left_horizontal_scroll|fast|near"
"session02","left_horizontal_scroll","normal","near","5","C:\Users\Oguzm\OneDrive - ozyegin.edu.tr\Desktop\Github_Projects\TrentoProjects\Raw_Data_Capture\New Python Filess\dataset\model-pilot\raw\fs2000\subject01\session02\left_horizontal_scroll\normal\near\subject01_session02_left_horizontal_scroll_normal_near_20260818T211843_332584Z.csv","C:\Users\Oguzm\OneDrive - ozyegin.edu.tr\Desktop\Github_Projects\TrentoProjects\Raw_Data_Capture\New Python Filess\dataset\model-pilot\raw\fs2000\subject01\session02\left_horizontal_scroll\normal\near\subject01_session02_left_horizontal_scroll_normal_near_20260818T211843_332584Z.metadata.json","session02|left_horizontal_scroll|normal|near"
"session02","left_horizontal_scroll","slow","near","5","C:\Users\Oguzm\OneDrive - ozyegin.edu.tr\Desktop\Github_Projects\TrentoProjects\Raw_Data_Capture\New Python Filess\dataset\model-pilot\raw\fs2000\subject01\session02\left_horizontal_scroll\slow\near\subject01_session02_left_horizontal_scroll_slow_near_20260818T211810_962830Z.csv","C:\Users\Oguzm\OneDrive - ozyegin.edu.tr\Desktop\Github_Projects\TrentoProjects\Raw_Data_Capture\New Python Filess\dataset\model-pilot\raw\fs2000\subject01\session02\left_horizontal_scroll\slow\near\subject01_session02_left_horizontal_scroll_slow_near_20260818T211810_962830Z.metadata.json","session02|left_horizontal_scroll|slow|near"
"session02","right_horizontal_scroll","fast","far","5","C:\Users\Oguzm\OneDrive - ozyegin.edu.tr\Desktop\Github_Projects\TrentoProjects\Raw_Data_Capture\New Python Filess\dataset\model-pilot\raw\fs2000\subject01\session02\right_horizontal_scroll\fast\far\subject01_session02_right_horizontal_scroll_fast_far_20260818T212744_755867Z.csv","C:\Users\Oguzm\OneDrive - ozyegin.edu.tr\Desktop\Github_Projects\TrentoProjects\Raw_Data_Capture\New Python Filess\dataset\model-pilot\raw\fs2000\subject01\session02\right_horizontal_scroll\fast\far\subject01_session02_right_horizontal_scroll_fast_far_20260818T212744_755867Z.metadata.json","session02|right_horizontal_scroll|fast|far"
"session02","right_horizontal_scroll","normal","far","5","C:\Users\Oguzm\OneDrive - ozyegin.edu.tr\Desktop\Github_Projects\TrentoProjects\Raw_Data_Capture\New Python Filess\dataset\model-pilot\raw\fs2000\subject01\session02\right_horizontal_scroll\normal\far\subject01_session02_right_horizontal_scroll_normal_far_20260818T212711_646699Z.csv","C:\Users\Oguzm\OneDrive - ozyegin.edu.tr\Desktop\Github_Projects\TrentoProjects\Raw_Data_Capture\New Python Filess\dataset\model-pilot\raw\fs2000\subject01\session02\right_horizontal_scroll\normal\far\subject01_session02_right_horizontal_scroll_normal_far_20260818T212711_646699Z.metadata.json","session02|right_horizontal_scroll|normal|far"
"session02","right_horizontal_scroll","slow","far","5","C:\Users\Oguzm\OneDrive - ozyegin.edu.tr\Desktop\Github_Projects\TrentoProjects\Raw_Data_Capture\New Python Filess\dataset\model-pilot\raw\fs2000\subject01\session02\right_horizontal_scroll\slow\far\subject01_session02_right_horizontal_scroll_slow_far_20260818T212639_395051Z.csv","C:\Users\Oguzm\OneDrive - ozyegin.edu.tr\Desktop\Github_Projects\TrentoProjects\Raw_Data_Capture\New Python Filess\dataset\model-pilot\raw\fs2000\subject01\session02\right_horizontal_scroll\slow\far\subject01_session02_right_horizontal_scroll_slow_far_20260818T212639_395051Z.metadata.json","session02|right_horizontal_scroll|slow|far"
"session02","right_horizontal_scroll","fast","mid","5","C:\Users\Oguzm\OneDrive - ozyegin.edu.tr\Desktop\Github_Projects\TrentoProjects\Raw_Data_Capture\New Python Filess\dataset\model-pilot\raw\fs2000\subject01\session02\right_horizontal_scroll\fast\mid\subject01_session02_right_horizontal_scroll_fast_mid_20260818T212606_742042Z.csv","C:\Users\Oguzm\OneDrive - ozyegin.edu.tr\Desktop\Github_Projects\TrentoProjects\Raw_Data_Capture\New Python Filess\dataset\model-pilot\raw\fs2000\subject01\session02\right_horizontal_scroll\fast\mid\subject01_session02_right_horizontal_scroll_fast_mid_20260818T212606_742042Z.metadata.json","session02|right_horizontal_scroll|fast|mid"
"session02","right_horizontal_scroll","normal","mid","5","C:\Users\Oguzm\OneDrive - ozyegin.edu.tr\Desktop\Github_Projects\TrentoProjects\Raw_Data_Capture\New Python Filess\dataset\model-pilot\raw\fs2000\subject01\session02\right_horizontal_scroll\normal\mid\subject01_session02_right_horizontal_scroll_normal_mid_20260818T212534_062533Z.csv","C:\Users\Oguzm\OneDrive - ozyegin.edu.tr\Desktop\Github_Projects\TrentoProjects\Raw_Data_Capture\New Python Filess\dataset\model-pilot\raw\fs2000\subject01\session02\right_horizontal_scroll\normal\mid\subject01_session02_right_horizontal_scroll_normal_mid_20260818T212534_062533Z.metadata.json","session02|right_horizontal_scroll|normal|mid"
"session02","right_horizontal_scroll","slow","mid","5","C:\Users\Oguzm\OneDrive - ozyegin.edu.tr\Desktop\Github_Projects\TrentoProjects\Raw_Data_Capture\New Python Filess\dataset\model-pilot\raw\fs2000\subject01\session02\right_horizontal_scroll\slow\mid\subject01_session02_right_horizontal_scroll_slow_mid_20260818T212501_581554Z.csv","C:\Users\Oguzm\OneDrive - ozyegin.edu.tr\Desktop\Github_Projects\TrentoProjects\Raw_Data_Capture\New Python Filess\dataset\model-pilot\raw\fs2000\subject01\session02\right_horizontal_scroll\slow\mid\subject01_session02_right_horizontal_scroll_slow_mid_20260818T212501_581554Z.metadata.json","session02|right_horizontal_scroll|slow|mid"
"session02","right_horizontal_scroll","fast","near","5","C:\Users\Oguzm\OneDrive - ozyegin.edu.tr\Desktop\Github_Projects\TrentoProjects\Raw_Data_Capture\New Python Filess\dataset\model-pilot\raw\fs2000\subject01\session02\right_horizontal_scroll\fast\near\subject01_session02_right_horizontal_scroll_fast_near_20260818T212425_901840Z.csv","C:\Users\Oguzm\OneDrive - ozyegin.edu.tr\Desktop\Github_Projects\TrentoProjects\Raw_Data_Capture\New Python Filess\dataset\model-pilot\raw\fs2000\subject01\session02\right_horizontal_scroll\fast\near\subject01_session02_right_horizontal_scroll_fast_near_20260818T212425_901840Z.metadata.json","session02|right_horizontal_scroll|fast|near"
"session02","right_horizontal_scroll","normal","near","5","C:\Users\Oguzm\OneDrive - ozyegin.edu.tr\Desktop\Github_Projects\TrentoProjects\Raw_Data_Capture\New Python Filess\dataset\model-pilot\raw\fs2000\subject01\session02\right_horizontal_scroll\normal\near\subject01_session02_right_horizontal_scroll_normal_near_20260818T212353_575153Z.csv","C:\Users\Oguzm\OneDrive - ozyegin.edu.tr\Desktop\Github_Projects\TrentoProjects\Raw_Data_Capture\New Python Filess\dataset\model-pilot\raw\fs2000\subject01\session02\right_horizontal_scroll\normal\near\subject01_session02_right_horizontal_scroll_normal_near_20260818T212353_575153Z.metadata.json","session02|right_horizontal_scroll|normal|near"
"session02","right_horizontal_scroll","slow","near","5","C:\Users\Oguzm\OneDrive - ozyegin.edu.tr\Desktop\Github_Projects\TrentoProjects\Raw_Data_Capture\New Python Filess\dataset\model-pilot\raw\fs2000\subject01\session02\right_horizontal_scroll\slow\near\subject01_session02_right_horizontal_scroll_slow_near_20260818T212321_069267Z.csv","C:\Users\Oguzm\OneDrive - ozyegin.edu.tr\Desktop\Github_Projects\TrentoProjects\Raw_Data_Capture\New Python Filess\dataset\model-pilot\raw\fs2000\subject01\session02\right_horizontal_scroll\slow\near\subject01_session02_right_horizontal_scroll_slow_near_20260818T212321_069267Z.metadata.json","session02|right_horizontal_scroll|slow|near"
"session03","clicking_hand","fast","far","5","C:\Users\Oguzm\OneDrive - ozyegin.edu.tr\Desktop\Github_Projects\TrentoProjects\Raw_Data_Capture\New Python Filess\dataset\model-pilot\raw\fs2000\subject01\session03\clicking_hand\fast\far\subject01_session03_clicking_hand_fast_far_20260817T223721_928459Z.csv","C:\Users\Oguzm\OneDrive - ozyegin.edu.tr\Desktop\Github_Projects\TrentoProjects\Raw_Data_Capture\New Python Filess\dataset\model-pilot\raw\fs2000\subject01\session03\clicking_hand\fast\far\subject01_session03_clicking_hand_fast_far_20260817T223721_928459Z.metadata.json","session03|clicking_hand|fast|far"
"session03","clicking_hand","normal","far","5","C:\Users\Oguzm\OneDrive - ozyegin.edu.tr\Desktop\Github_Projects\TrentoProjects\Raw_Data_Capture\New Python Filess\dataset\model-pilot\raw\fs2000\subject01\session03\clicking_hand\normal\far\subject01_session03_clicking_hand_normal_far_20260817T223647_000720Z.csv","C:\Users\Oguzm\OneDrive - ozyegin.edu.tr\Desktop\Github_Projects\TrentoProjects\Raw_Data_Capture\New Python Filess\dataset\model-pilot\raw\fs2000\subject01\session03\clicking_hand\normal\far\subject01_session03_clicking_hand_normal_far_20260817T223647_000720Z.metadata.json","session03|clicking_hand|normal|far"
"session03","clicking_hand","slow","far","5","C:\Users\Oguzm\OneDrive - ozyegin.edu.tr\Desktop\Github_Projects\TrentoProjects\Raw_Data_Capture\New Python Filess\dataset\model-pilot\raw\fs2000\subject01\session03\clicking_hand\slow\far\subject01_session03_clicking_hand_slow_far_20260817T223612_791513Z.csv","C:\Users\Oguzm\OneDrive - ozyegin.edu.tr\Desktop\Github_Projects\TrentoProjects\Raw_Data_Capture\New Python Filess\dataset\model-pilot\raw\fs2000\subject01\session03\clicking_hand\slow\far\subject01_session03_clicking_hand_slow_far_20260817T223612_791513Z.metadata.json","session03|clicking_hand|slow|far"
"session03","clicking_hand","fast","mid","5","C:\Users\Oguzm\OneDrive - ozyegin.edu.tr\Desktop\Github_Projects\TrentoProjects\Raw_Data_Capture\New Python Filess\dataset\model-pilot\raw\fs2000\subject01\session03\clicking_hand\fast\mid\subject01_session03_clicking_hand_fast_mid_20260817T223539_198479Z.csv","C:\Users\Oguzm\OneDrive - ozyegin.edu.tr\Desktop\Github_Projects\TrentoProjects\Raw_Data_Capture\New Python Filess\dataset\model-pilot\raw\fs2000\subject01\session03\clicking_hand\fast\mid\subject01_session03_clicking_hand_fast_mid_20260817T223539_198479Z.metadata.json","session03|clicking_hand|fast|mid"
"session03","clicking_hand","normal","mid","5","C:\Users\Oguzm\OneDrive - ozyegin.edu.tr\Desktop\Github_Projects\TrentoProjects\Raw_Data_Capture\New Python Filess\dataset\model-pilot\raw\fs2000\subject01\session03\clicking_hand\normal\mid\subject01_session03_clicking_hand_normal_mid_20260817T223506_538237Z.csv","C:\Users\Oguzm\OneDrive - ozyegin.edu.tr\Desktop\Github_Projects\TrentoProjects\Raw_Data_Capture\New Python Filess\dataset\model-pilot\raw\fs2000\subject01\session03\clicking_hand\normal\mid\subject01_session03_clicking_hand_normal_mid_20260817T223506_538237Z.metadata.json","session03|clicking_hand|normal|mid"
"session03","clicking_hand","slow","mid","5","C:\Users\Oguzm\OneDrive - ozyegin.edu.tr\Desktop\Github_Projects\TrentoProjects\Raw_Data_Capture\New Python Filess\dataset\model-pilot\raw\fs2000\subject01\session03\clicking_hand\slow\mid\subject01_session03_clicking_hand_slow_mid_20260817T223433_024852Z.csv","C:\Users\Oguzm\OneDrive - ozyegin.edu.tr\Desktop\Github_Projects\TrentoProjects\Raw_Data_Capture\New Python Filess\dataset\model-pilot\raw\fs2000\subject01\session03\clicking_hand\slow\mid\subject01_session03_clicking_hand_slow_mid_20260817T223433_024852Z.metadata.json","session03|clicking_hand|slow|mid"
"session03","clicking_hand","fast","near","5","C:\Users\Oguzm\OneDrive - ozyegin.edu.tr\Desktop\Github_Projects\TrentoProjects\Raw_Data_Capture\New Python Filess\dataset\model-pilot\raw\fs2000\subject01\session03\clicking_hand\fast\near\subject01_session03_clicking_hand_fast_near_20260817T223357_370246Z.csv","C:\Users\Oguzm\OneDrive - ozyegin.edu.tr\Desktop\Github_Projects\TrentoProjects\Raw_Data_Capture\New Python Filess\dataset\model-pilot\raw\fs2000\subject01\session03\clicking_hand\fast\near\subject01_session03_clicking_hand_fast_near_20260817T223357_370246Z.metadata.json","session03|clicking_hand|fast|near"
"session03","clicking_hand","normal","near","5","C:\Users\Oguzm\OneDrive - ozyegin.edu.tr\Desktop\Github_Projects\TrentoProjects\Raw_Data_Capture\New Python Filess\dataset\model-pilot\raw\fs2000\subject01\session03\clicking_hand\normal\near\subject01_session03_clicking_hand_normal_near_20260817T223324_684823Z.csv","C:\Users\Oguzm\OneDrive - ozyegin.edu.tr\Desktop\Github_Projects\TrentoProjects\Raw_Data_Capture\New Python Filess\dataset\model-pilot\raw\fs2000\subject01\session03\clicking_hand\normal\near\subject01_session03_clicking_hand_normal_near_20260817T223324_684823Z.metadata.json","session03|clicking_hand|normal|near"
"session03","clicking_hand","slow","near","5","C:\Users\Oguzm\OneDrive - ozyegin.edu.tr\Desktop\Github_Projects\TrentoProjects\Raw_Data_Capture\New Python Filess\dataset\model-pilot\raw\fs2000\subject01\session03\clicking_hand\slow\near\subject01_session03_clicking_hand_slow_near_20260817T222937_275434Z.csv","C:\Users\Oguzm\OneDrive - ozyegin.edu.tr\Desktop\Github_Projects\TrentoProjects\Raw_Data_Capture\New Python Filess\dataset\model-pilot\raw\fs2000\subject01\session03\clicking_hand\slow\near\subject01_session03_clicking_hand_slow_near_20260817T222937_275434Z.metadata.json","session03|clicking_hand|slow|near"
"session03","empty","fast","na","0","C:\Users\Oguzm\OneDrive - ozyegin.edu.tr\Desktop\Github_Projects\TrentoProjects\Raw_Data_Capture\New Python Filess\dataset\model-pilot\raw\fs2000\subject01\session03\empty\fast\na\subject01_session03_empty_fast_na_20260817T220442_490707Z.csv","C:\Users\Oguzm\OneDrive - ozyegin.edu.tr\Desktop\Github_Projects\TrentoProjects\Raw_Data_Capture\New Python Filess\dataset\model-pilot\raw\fs2000\subject01\session03\empty\fast\na\subject01_session03_empty_fast_na_20260817T220442_490707Z.metadata.json","session03|empty|fast|na"
"session03","empty","normal","na","0","C:\Users\Oguzm\OneDrive - ozyegin.edu.tr\Desktop\Github_Projects\TrentoProjects\Raw_Data_Capture\New Python Filess\dataset\model-pilot\raw\fs2000\subject01\session03\empty\normal\na\subject01_session03_empty_normal_na_20260817T220412_032924Z.csv","C:\Users\Oguzm\OneDrive - ozyegin.edu.tr\Desktop\Github_Projects\TrentoProjects\Raw_Data_Capture\New Python Filess\dataset\model-pilot\raw\fs2000\subject01\session03\empty\normal\na\subject01_session03_empty_normal_na_20260817T220412_032924Z.metadata.json","session03|empty|normal|na"
"session03","empty","slow","na","0","C:\Users\Oguzm\OneDrive - ozyegin.edu.tr\Desktop\Github_Projects\TrentoProjects\Raw_Data_Capture\New Python Filess\dataset\model-pilot\raw\fs2000\subject01\session03\empty\slow\na\subject01_session03_empty_slow_na_20260817T220337_246256Z.csv","C:\Users\Oguzm\OneDrive - ozyegin.edu.tr\Desktop\Github_Projects\TrentoProjects\Raw_Data_Capture\New Python Filess\dataset\model-pilot\raw\fs2000\subject01\session03\empty\slow\na\subject01_session03_empty_slow_na_20260817T220337_246256Z.metadata.json","session03|empty|slow|na"
"session03","left_horizontal_scroll","fast","far","5","C:\Users\Oguzm\OneDrive - ozyegin.edu.tr\Desktop\Github_Projects\TrentoProjects\Raw_Data_Capture\New Python Filess\dataset\model-pilot\raw\fs2000\subject01\session03\left_horizontal_scroll\fast\far\subject01_session03_left_horizontal_scroll_fast_far_20260818T221434_396018Z.csv","C:\Users\Oguzm\OneDrive - ozyegin.edu.tr\Desktop\Github_Projects\TrentoProjects\Raw_Data_Capture\New Python Filess\dataset\model-pilot\raw\fs2000\subject01\session03\left_horizontal_scroll\fast\far\subject01_session03_left_horizontal_scroll_fast_far_20260818T221434_396018Z.metadata.json","session03|left_horizontal_scroll|fast|far"
"session03","left_horizontal_scroll","normal","far","5","C:\Users\Oguzm\OneDrive - ozyegin.edu.tr\Desktop\Github_Projects\TrentoProjects\Raw_Data_Capture\New Python Filess\dataset\model-pilot\raw\fs2000\subject01\session03\left_horizontal_scroll\normal\far\subject01_session03_left_horizontal_scroll_normal_far_20260818T221401_621565Z.csv","C:\Users\Oguzm\OneDrive - ozyegin.edu.tr\Desktop\Github_Projects\TrentoProjects\Raw_Data_Capture\New Python Filess\dataset\model-pilot\raw\fs2000\subject01\session03\left_horizontal_scroll\normal\far\subject01_session03_left_horizontal_scroll_normal_far_20260818T221401_621565Z.metadata.json","session03|left_horizontal_scroll|normal|far"
"session03","left_horizontal_scroll","slow","far","5","C:\Users\Oguzm\OneDrive - ozyegin.edu.tr\Desktop\Github_Projects\TrentoProjects\Raw_Data_Capture\New Python Filess\dataset\model-pilot\raw\fs2000\subject01\session03\left_horizontal_scroll\slow\far\subject01_session03_left_horizontal_scroll_slow_far_20260818T221320_362799Z.csv","C:\Users\Oguzm\OneDrive - ozyegin.edu.tr\Desktop\Github_Projects\TrentoProjects\Raw_Data_Capture\New Python Filess\dataset\model-pilot\raw\fs2000\subject01\session03\left_horizontal_scroll\slow\far\subject01_session03_left_horizontal_scroll_slow_far_20260818T221320_362799Z.metadata.json","session03|left_horizontal_scroll|slow|far"
"session03","left_horizontal_scroll","fast","mid","5","C:\Users\Oguzm\OneDrive - ozyegin.edu.tr\Desktop\Github_Projects\TrentoProjects\Raw_Data_Capture\New Python Filess\dataset\model-pilot\raw\fs2000\subject01\session03\left_horizontal_scroll\fast\mid\subject01_session03_left_horizontal_scroll_fast_mid_20260818T221228_846528Z.csv","C:\Users\Oguzm\OneDrive - ozyegin.edu.tr\Desktop\Github_Projects\TrentoProjects\Raw_Data_Capture\New Python Filess\dataset\model-pilot\raw\fs2000\subject01\session03\left_horizontal_scroll\fast\mid\subject01_session03_left_horizontal_scroll_fast_mid_20260818T221228_846528Z.metadata.json","session03|left_horizontal_scroll|fast|mid"
"session03","left_horizontal_scroll","normal","mid","5","C:\Users\Oguzm\OneDrive - ozyegin.edu.tr\Desktop\Github_Projects\TrentoProjects\Raw_Data_Capture\New Python Filess\dataset\model-pilot\raw\fs2000\subject01\session03\left_horizontal_scroll\normal\mid\subject01_session03_left_horizontal_scroll_normal_mid_20260818T221156_220166Z.csv","C:\Users\Oguzm\OneDrive - ozyegin.edu.tr\Desktop\Github_Projects\TrentoProjects\Raw_Data_Capture\New Python Filess\dataset\model-pilot\raw\fs2000\subject01\session03\left_horizontal_scroll\normal\mid\subject01_session03_left_horizontal_scroll_normal_mid_20260818T221156_220166Z.metadata.json","session03|left_horizontal_scroll|normal|mid"
"session03","left_horizontal_scroll","slow","mid","5","C:\Users\Oguzm\OneDrive - ozyegin.edu.tr\Desktop\Github_Projects\TrentoProjects\Raw_Data_Capture\New Python Filess\dataset\model-pilot\raw\fs2000\subject01\session03\left_horizontal_scroll\slow\mid\subject01_session03_left_horizontal_scroll_slow_mid_20260818T221123_827483Z.csv","C:\Users\Oguzm\OneDrive - ozyegin.edu.tr\Desktop\Github_Projects\TrentoProjects\Raw_Data_Capture\New Python Filess\dataset\model-pilot\raw\fs2000\subject01\session03\left_horizontal_scroll\slow\mid\subject01_session03_left_horizontal_scroll_slow_mid_20260818T221123_827483Z.metadata.json","session03|left_horizontal_scroll|slow|mid"
"session03","left_horizontal_scroll","fast","near","5","C:\Users\Oguzm\OneDrive - ozyegin.edu.tr\Desktop\Github_Projects\TrentoProjects\Raw_Data_Capture\New Python Filess\dataset\model-pilot\raw\fs2000\subject01\session03\left_horizontal_scroll\fast\near\subject01_session03_left_horizontal_scroll_fast_near_20260818T221048_040291Z.csv","C:\Users\Oguzm\OneDrive - ozyegin.edu.tr\Desktop\Github_Projects\TrentoProjects\Raw_Data_Capture\New Python Filess\dataset\model-pilot\raw\fs2000\subject01\session03\left_horizontal_scroll\fast\near\subject01_session03_left_horizontal_scroll_fast_near_20260818T221048_040291Z.metadata.json","session03|left_horizontal_scroll|fast|near"
"session03","left_horizontal_scroll","normal","near","5","C:\Users\Oguzm\OneDrive - ozyegin.edu.tr\Desktop\Github_Projects\TrentoProjects\Raw_Data_Capture\New Python Filess\dataset\model-pilot\raw\fs2000\subject01\session03\left_horizontal_scroll\normal\near\subject01_session03_left_horizontal_scroll_normal_near_20260818T221015_875641Z.csv","C:\Users\Oguzm\OneDrive - ozyegin.edu.tr\Desktop\Github_Projects\TrentoProjects\Raw_Data_Capture\New Python Filess\dataset\model-pilot\raw\fs2000\subject01\session03\left_horizontal_scroll\normal\near\subject01_session03_left_horizontal_scroll_normal_near_20260818T221015_875641Z.metadata.json","session03|left_horizontal_scroll|normal|near"
"session03","left_horizontal_scroll","slow","near","5","C:\Users\Oguzm\OneDrive - ozyegin.edu.tr\Desktop\Github_Projects\TrentoProjects\Raw_Data_Capture\New Python Filess\dataset\model-pilot\raw\fs2000\subject01\session03\left_horizontal_scroll\slow\near\subject01_session03_left_horizontal_scroll_slow_near_20260818T220943_930977Z.csv","C:\Users\Oguzm\OneDrive - ozyegin.edu.tr\Desktop\Github_Projects\TrentoProjects\Raw_Data_Capture\New Python Filess\dataset\model-pilot\raw\fs2000\subject01\session03\left_horizontal_scroll\slow\near\subject01_session03_left_horizontal_scroll_slow_near_20260818T220943_930977Z.metadata.json","session03|left_horizontal_scroll|slow|near"
"session03","right_horizontal_scroll","fast","far","5","C:\Users\Oguzm\OneDrive - ozyegin.edu.tr\Desktop\Github_Projects\TrentoProjects\Raw_Data_Capture\New Python Filess\dataset\model-pilot\raw\fs2000\subject01\session03\right_horizontal_scroll\fast\far\subject01_session03_right_horizontal_scroll_fast_far_20260818T222003_746220Z.csv","C:\Users\Oguzm\OneDrive - ozyegin.edu.tr\Desktop\Github_Projects\TrentoProjects\Raw_Data_Capture\New Python Filess\dataset\model-pilot\raw\fs2000\subject01\session03\right_horizontal_scroll\fast\far\subject01_session03_right_horizontal_scroll_fast_far_20260818T222003_746220Z.metadata.json","session03|right_horizontal_scroll|fast|far"
"session03","right_horizontal_scroll","normal","far","5","C:\Users\Oguzm\OneDrive - ozyegin.edu.tr\Desktop\Github_Projects\TrentoProjects\Raw_Data_Capture\New Python Filess\dataset\model-pilot\raw\fs2000\subject01\session03\right_horizontal_scroll\normal\far\subject01_session03_right_horizontal_scroll_normal_far_20260818T221930_717752Z.csv","C:\Users\Oguzm\OneDrive - ozyegin.edu.tr\Desktop\Github_Projects\TrentoProjects\Raw_Data_Capture\New Python Filess\dataset\model-pilot\raw\fs2000\subject01\session03\right_horizontal_scroll\normal\far\subject01_session03_right_horizontal_scroll_normal_far_20260818T221930_717752Z.metadata.json","session03|right_horizontal_scroll|normal|far"
"session03","right_horizontal_scroll","slow","far","5","C:\Users\Oguzm\OneDrive - ozyegin.edu.tr\Desktop\Github_Projects\TrentoProjects\Raw_Data_Capture\New Python Filess\dataset\model-pilot\raw\fs2000\subject01\session03\right_horizontal_scroll\slow\far\subject01_session03_right_horizontal_scroll_slow_far_20260818T221849_972151Z.csv","C:\Users\Oguzm\OneDrive - ozyegin.edu.tr\Desktop\Github_Projects\TrentoProjects\Raw_Data_Capture\New Python Filess\dataset\model-pilot\raw\fs2000\subject01\session03\right_horizontal_scroll\slow\far\subject01_session03_right_horizontal_scroll_slow_far_20260818T221849_972151Z.metadata.json","session03|right_horizontal_scroll|slow|far"
"session03","right_horizontal_scroll","fast","mid","5","C:\Users\Oguzm\OneDrive - ozyegin.edu.tr\Desktop\Github_Projects\TrentoProjects\Raw_Data_Capture\New Python Filess\dataset\model-pilot\raw\fs2000\subject01\session03\right_horizontal_scroll\fast\mid\subject01_session03_right_horizontal_scroll_fast_mid_20260818T221817_453869Z.csv","C:\Users\Oguzm\OneDrive - ozyegin.edu.tr\Desktop\Github_Projects\TrentoProjects\Raw_Data_Capture\New Python Filess\dataset\model-pilot\raw\fs2000\subject01\session03\right_horizontal_scroll\fast\mid\subject01_session03_right_horizontal_scroll_fast_mid_20260818T221817_453869Z.metadata.json","session03|right_horizontal_scroll|fast|mid"
"session03","right_horizontal_scroll","normal","mid","5","C:\Users\Oguzm\OneDrive - ozyegin.edu.tr\Desktop\Github_Projects\TrentoProjects\Raw_Data_Capture\New Python Filess\dataset\model-pilot\raw\fs2000\subject01\session03\right_horizontal_scroll\normal\mid\subject01_session03_right_horizontal_scroll_normal_mid_20260818T221744_847314Z.csv","C:\Users\Oguzm\OneDrive - ozyegin.edu.tr\Desktop\Github_Projects\TrentoProjects\Raw_Data_Capture\New Python Filess\dataset\model-pilot\raw\fs2000\subject01\session03\right_horizontal_scroll\normal\mid\subject01_session03_right_horizontal_scroll_normal_mid_20260818T221744_847314Z.metadata.json","session03|right_horizontal_scroll|normal|mid"
"session03","right_horizontal_scroll","slow","mid","5","C:\Users\Oguzm\OneDrive - ozyegin.edu.tr\Desktop\Github_Projects\TrentoProjects\Raw_Data_Capture\New Python Filess\dataset\model-pilot\raw\fs2000\subject01\session03\right_horizontal_scroll\slow\mid\subject01_session03_right_horizontal_scroll_slow_mid_20260818T221712_964339Z.csv","C:\Users\Oguzm\OneDrive - ozyegin.edu.tr\Desktop\Github_Projects\TrentoProjects\Raw_Data_Capture\New Python Filess\dataset\model-pilot\raw\fs2000\subject01\session03\right_horizontal_scroll\slow\mid\subject01_session03_right_horizontal_scroll_slow_mid_20260818T221712_964339Z.metadata.json","session03|right_horizontal_scroll|slow|mid"
"session03","right_horizontal_scroll","fast","near","5","C:\Users\Oguzm\OneDrive - ozyegin.edu.tr\Desktop\Github_Projects\TrentoProjects\Raw_Data_Capture\New Python Filess\dataset\model-pilot\raw\fs2000\subject01\session03\right_horizontal_scroll\fast\near\subject01_session03_right_horizontal_scroll_fast_near_20260818T221618_375149Z.csv","C:\Users\Oguzm\OneDrive - ozyegin.edu.tr\Desktop\Github_Projects\TrentoProjects\Raw_Data_Capture\New Python Filess\dataset\model-pilot\raw\fs2000\subject01\session03\right_horizontal_scroll\fast\near\subject01_session03_right_horizontal_scroll_fast_near_20260818T221618_375149Z.metadata.json","session03|right_horizontal_scroll|fast|near"
"session03","right_horizontal_scroll","normal","near","5","C:\Users\Oguzm\OneDrive - ozyegin.edu.tr\Desktop\Github_Projects\TrentoProjects\Raw_Data_Capture\New Python Filess\dataset\model-pilot\raw\fs2000\subject01\session03\right_horizontal_scroll\normal\near\subject01_session03_right_horizontal_scroll_normal_near_20260818T221546_305078Z.csv","C:\Users\Oguzm\OneDrive - ozyegin.edu.tr\Desktop\Github_Projects\TrentoProjects\Raw_Data_Capture\New Python Filess\dataset\model-pilot\raw\fs2000\subject01\session03\right_horizontal_scroll\normal\near\subject01_session03_right_horizontal_scroll_normal_near_20260818T221546_305078Z.metadata.json","session03|right_horizontal_scroll|normal|near"
"session03","right_horizontal_scroll","slow","near","5","C:\Users\Oguzm\OneDrive - ozyegin.edu.tr\Desktop\Github_Projects\TrentoProjects\Raw_Data_Capture\New Python Filess\dataset\model-pilot\raw\fs2000\subject01\session03\right_horizontal_scroll\slow\near\subject01_session03_right_horizontal_scroll_slow_near_20260818T221514_019730Z.csv","C:\Users\Oguzm\OneDrive - ozyegin.edu.tr\Desktop\Github_Projects\TrentoProjects\Raw_Data_Capture\New Python Filess\dataset\model-pilot\raw\fs2000\subject01\session03\right_horizontal_scroll\slow\near\subject01_session03_right_horizontal_scroll_slow_near_20260818T221514_019730Z.metadata.json","session03|right_horizontal_scroll|slow|near"
"session04","clicking_hand","fast","far","5","C:\Users\Oguzm\OneDrive - ozyegin.edu.tr\Desktop\Github_Projects\TrentoProjects\Raw_Data_Capture\New Python Filess\dataset\model-pilot\raw\fs2000\subject01\session04\clicking_hand\fast\far\subject01_session04_clicking_hand_fast_far_20260817T224546_962193Z.csv","C:\Users\Oguzm\OneDrive - ozyegin.edu.tr\Desktop\Github_Projects\TrentoProjects\Raw_Data_Capture\New Python Filess\dataset\model-pilot\raw\fs2000\subject01\session04\clicking_hand\fast\far\subject01_session04_clicking_hand_fast_far_20260817T224546_962193Z.metadata.json","session04|clicking_hand|fast|far"
"session04","clicking_hand","normal","far","5","C:\Users\Oguzm\OneDrive - ozyegin.edu.tr\Desktop\Github_Projects\TrentoProjects\Raw_Data_Capture\New Python Filess\dataset\model-pilot\raw\fs2000\subject01\session04\clicking_hand\normal\far\subject01_session04_clicking_hand_normal_far_20260817T224513_562890Z.csv","C:\Users\Oguzm\OneDrive - ozyegin.edu.tr\Desktop\Github_Projects\TrentoProjects\Raw_Data_Capture\New Python Filess\dataset\model-pilot\raw\fs2000\subject01\session04\clicking_hand\normal\far\subject01_session04_clicking_hand_normal_far_20260817T224513_562890Z.metadata.json","session04|clicking_hand|normal|far"
"session04","clicking_hand","slow","far","5","C:\Users\Oguzm\OneDrive - ozyegin.edu.tr\Desktop\Github_Projects\TrentoProjects\Raw_Data_Capture\New Python Filess\dataset\model-pilot\raw\fs2000\subject01\session04\clicking_hand\slow\far\subject01_session04_clicking_hand_slow_far_20260817T224440_337353Z.csv","C:\Users\Oguzm\OneDrive - ozyegin.edu.tr\Desktop\Github_Projects\TrentoProjects\Raw_Data_Capture\New Python Filess\dataset\model-pilot\raw\fs2000\subject01\session04\clicking_hand\slow\far\subject01_session04_clicking_hand_slow_far_20260817T224440_337353Z.metadata.json","session04|clicking_hand|slow|far"
"session04","clicking_hand","fast","mid","5","C:\Users\Oguzm\OneDrive - ozyegin.edu.tr\Desktop\Github_Projects\TrentoProjects\Raw_Data_Capture\New Python Filess\dataset\model-pilot\raw\fs2000\subject01\session04\clicking_hand\fast\mid\subject01_session04_clicking_hand_fast_mid_20260817T224136_837312Z.csv","C:\Users\Oguzm\OneDrive - ozyegin.edu.tr\Desktop\Github_Projects\TrentoProjects\Raw_Data_Capture\New Python Filess\dataset\model-pilot\raw\fs2000\subject01\session04\clicking_hand\fast\mid\subject01_session04_clicking_hand_fast_mid_20260817T224136_837312Z.metadata.json","session04|clicking_hand|fast|mid"
"session04","clicking_hand","normal","mid","5","C:\Users\Oguzm\OneDrive - ozyegin.edu.tr\Desktop\Github_Projects\TrentoProjects\Raw_Data_Capture\New Python Filess\dataset\model-pilot\raw\fs2000\subject01\session04\clicking_hand\normal\mid\subject01_session04_clicking_hand_normal_mid_20260817T224102_054047Z.csv","C:\Users\Oguzm\OneDrive - ozyegin.edu.tr\Desktop\Github_Projects\TrentoProjects\Raw_Data_Capture\New Python Filess\dataset\model-pilot\raw\fs2000\subject01\session04\clicking_hand\normal\mid\subject01_session04_clicking_hand_normal_mid_20260817T224102_054047Z.metadata.json","session04|clicking_hand|normal|mid"
"session04","clicking_hand","slow","mid","5","C:\Users\Oguzm\OneDrive - ozyegin.edu.tr\Desktop\Github_Projects\TrentoProjects\Raw_Data_Capture\New Python Filess\dataset\model-pilot\raw\fs2000\subject01\session04\clicking_hand\slow\mid\subject01_session04_clicking_hand_slow_mid_20260817T224028_896082Z.csv","C:\Users\Oguzm\OneDrive - ozyegin.edu.tr\Desktop\Github_Projects\TrentoProjects\Raw_Data_Capture\New Python Filess\dataset\model-pilot\raw\fs2000\subject01\session04\clicking_hand\slow\mid\subject01_session04_clicking_hand_slow_mid_20260817T224028_896082Z.metadata.json","session04|clicking_hand|slow|mid"
"session04","clicking_hand","fast","near","5","C:\Users\Oguzm\OneDrive - ozyegin.edu.tr\Desktop\Github_Projects\TrentoProjects\Raw_Data_Capture\New Python Filess\dataset\model-pilot\raw\fs2000\subject01\session04\clicking_hand\fast\near\subject01_session04_clicking_hand_fast_near_20260817T223908_218387Z.csv","C:\Users\Oguzm\OneDrive - ozyegin.edu.tr\Desktop\Github_Projects\TrentoProjects\Raw_Data_Capture\New Python Filess\dataset\model-pilot\raw\fs2000\subject01\session04\clicking_hand\fast\near\subject01_session04_clicking_hand_fast_near_20260817T223908_218387Z.metadata.json","session04|clicking_hand|fast|near"
"session04","clicking_hand","normal","near","5","C:\Users\Oguzm\OneDrive - ozyegin.edu.tr\Desktop\Github_Projects\TrentoProjects\Raw_Data_Capture\New Python Filess\dataset\model-pilot\raw\fs2000\subject01\session04\clicking_hand\normal\near\subject01_session04_clicking_hand_normal_near_20260817T223829_548957Z.csv","C:\Users\Oguzm\OneDrive - ozyegin.edu.tr\Desktop\Github_Projects\TrentoProjects\Raw_Data_Capture\New Python Filess\dataset\model-pilot\raw\fs2000\subject01\session04\clicking_hand\normal\near\subject01_session04_clicking_hand_normal_near_20260817T223829_548957Z.metadata.json","session04|clicking_hand|normal|near"
"session04","clicking_hand","slow","near","5","C:\Users\Oguzm\OneDrive - ozyegin.edu.tr\Desktop\Github_Projects\TrentoProjects\Raw_Data_Capture\New Python Filess\dataset\model-pilot\raw\fs2000\subject01\session04\clicking_hand\slow\near\subject01_session04_clicking_hand_slow_near_20260817T223756_847514Z.csv","C:\Users\Oguzm\OneDrive - ozyegin.edu.tr\Desktop\Github_Projects\TrentoProjects\Raw_Data_Capture\New Python Filess\dataset\model-pilot\raw\fs2000\subject01\session04\clicking_hand\slow\near\subject01_session04_clicking_hand_slow_near_20260817T223756_847514Z.metadata.json","session04|clicking_hand|slow|near"
"session04","empty","fast","na","0","C:\Users\Oguzm\OneDrive - ozyegin.edu.tr\Desktop\Github_Projects\TrentoProjects\Raw_Data_Capture\New Python Filess\dataset\model-pilot\raw\fs2000\subject01\session04\empty\fast\na\subject01_session04_empty_fast_na_20260817T220620_652857Z.csv","C:\Users\Oguzm\OneDrive - ozyegin.edu.tr\Desktop\Github_Projects\TrentoProjects\Raw_Data_Capture\New Python Filess\dataset\model-pilot\raw\fs2000\subject01\session04\empty\fast\na\subject01_session04_empty_fast_na_20260817T220620_652857Z.metadata.json","session04|empty|fast|na"
"session04","empty","normal","na","0","C:\Users\Oguzm\OneDrive - ozyegin.edu.tr\Desktop\Github_Projects\TrentoProjects\Raw_Data_Capture\New Python Filess\dataset\model-pilot\raw\fs2000\subject01\session04\empty\normal\na\subject01_session04_empty_normal_na_20260817T220545_457759Z.csv","C:\Users\Oguzm\OneDrive - ozyegin.edu.tr\Desktop\Github_Projects\TrentoProjects\Raw_Data_Capture\New Python Filess\dataset\model-pilot\raw\fs2000\subject01\session04\empty\normal\na\subject01_session04_empty_normal_na_20260817T220545_457759Z.metadata.json","session04|empty|normal|na"
"session04","empty","slow","na","0","C:\Users\Oguzm\OneDrive - ozyegin.edu.tr\Desktop\Github_Projects\TrentoProjects\Raw_Data_Capture\New Python Filess\dataset\model-pilot\raw\fs2000\subject01\session04\empty\slow\na\subject01_session04_empty_slow_na_20260817T220508_944588Z.csv","C:\Users\Oguzm\OneDrive - ozyegin.edu.tr\Desktop\Github_Projects\TrentoProjects\Raw_Data_Capture\New Python Filess\dataset\model-pilot\raw\fs2000\subject01\session04\empty\slow\na\subject01_session04_empty_slow_na_20260817T220508_944588Z.metadata.json","session04|empty|slow|na"
"session04","left_horizontal_scroll","fast","far","5","C:\Users\Oguzm\OneDrive - ozyegin.edu.tr\Desktop\Github_Projects\TrentoProjects\Raw_Data_Capture\New Python Filess\dataset\model-pilot\raw\fs2000\subject01\session04\left_horizontal_scroll\fast\far\subject01_session04_left_horizontal_scroll_fast_far_20260818T222948_198391Z.csv","C:\Users\Oguzm\OneDrive - ozyegin.edu.tr\Desktop\Github_Projects\TrentoProjects\Raw_Data_Capture\New Python Filess\dataset\model-pilot\raw\fs2000\subject01\session04\left_horizontal_scroll\fast\far\subject01_session04_left_horizontal_scroll_fast_far_20260818T222948_198391Z.metadata.json","session04|left_horizontal_scroll|fast|far"
"session04","left_horizontal_scroll","normal","far","5","C:\Users\Oguzm\OneDrive - ozyegin.edu.tr\Desktop\Github_Projects\TrentoProjects\Raw_Data_Capture\New Python Filess\dataset\model-pilot\raw\fs2000\subject01\session04\left_horizontal_scroll\normal\far\subject01_session04_left_horizontal_scroll_normal_far_20260818T222915_636977Z.csv","C:\Users\Oguzm\OneDrive - ozyegin.edu.tr\Desktop\Github_Projects\TrentoProjects\Raw_Data_Capture\New Python Filess\dataset\model-pilot\raw\fs2000\subject01\session04\left_horizontal_scroll\normal\far\subject01_session04_left_horizontal_scroll_normal_far_20260818T222915_636977Z.metadata.json","session04|left_horizontal_scroll|normal|far"
"session04","left_horizontal_scroll","slow","far","5","C:\Users\Oguzm\OneDrive - ozyegin.edu.tr\Desktop\Github_Projects\TrentoProjects\Raw_Data_Capture\New Python Filess\dataset\model-pilot\raw\fs2000\subject01\session04\left_horizontal_scroll\slow\far\subject01_session04_left_horizontal_scroll_slow_far_20260818T222842_939751Z.csv","C:\Users\Oguzm\OneDrive - ozyegin.edu.tr\Desktop\Github_Projects\TrentoProjects\Raw_Data_Capture\New Python Filess\dataset\model-pilot\raw\fs2000\subject01\session04\left_horizontal_scroll\slow\far\subject01_session04_left_horizontal_scroll_slow_far_20260818T222842_939751Z.metadata.json","session04|left_horizontal_scroll|slow|far"
"session04","left_horizontal_scroll","fast","mid","5","C:\Users\Oguzm\OneDrive - ozyegin.edu.tr\Desktop\Github_Projects\TrentoProjects\Raw_Data_Capture\New Python Filess\dataset\model-pilot\raw\fs2000\subject01\session04\left_horizontal_scroll\fast\mid\subject01_session04_left_horizontal_scroll_fast_mid_20260818T222800_516747Z.csv","C:\Users\Oguzm\OneDrive - ozyegin.edu.tr\Desktop\Github_Projects\TrentoProjects\Raw_Data_Capture\New Python Filess\dataset\model-pilot\raw\fs2000\subject01\session04\left_horizontal_scroll\fast\mid\subject01_session04_left_horizontal_scroll_fast_mid_20260818T222800_516747Z.metadata.json","session04|left_horizontal_scroll|fast|mid"
"session04","left_horizontal_scroll","normal","mid","5","C:\Users\Oguzm\OneDrive - ozyegin.edu.tr\Desktop\Github_Projects\TrentoProjects\Raw_Data_Capture\New Python Filess\dataset\model-pilot\raw\fs2000\subject01\session04\left_horizontal_scroll\normal\mid\subject01_session04_left_horizontal_scroll_normal_mid_20260818T222728_050819Z.csv","C:\Users\Oguzm\OneDrive - ozyegin.edu.tr\Desktop\Github_Projects\TrentoProjects\Raw_Data_Capture\New Python Filess\dataset\model-pilot\raw\fs2000\subject01\session04\left_horizontal_scroll\normal\mid\subject01_session04_left_horizontal_scroll_normal_mid_20260818T222728_050819Z.metadata.json","session04|left_horizontal_scroll|normal|mid"
"session04","left_horizontal_scroll","slow","mid","5","C:\Users\Oguzm\OneDrive - ozyegin.edu.tr\Desktop\Github_Projects\TrentoProjects\Raw_Data_Capture\New Python Filess\dataset\model-pilot\raw\fs2000\subject01\session04\left_horizontal_scroll\slow\mid\subject01_session04_left_horizontal_scroll_slow_mid_20260818T222655_120826Z.csv","C:\Users\Oguzm\OneDrive - ozyegin.edu.tr\Desktop\Github_Projects\TrentoProjects\Raw_Data_Capture\New Python Filess\dataset\model-pilot\raw\fs2000\subject01\session04\left_horizontal_scroll\slow\mid\subject01_session04_left_horizontal_scroll_slow_mid_20260818T222655_120826Z.metadata.json","session04|left_horizontal_scroll|slow|mid"
"session04","left_horizontal_scroll","fast","near","5","C:\Users\Oguzm\OneDrive - ozyegin.edu.tr\Desktop\Github_Projects\TrentoProjects\Raw_Data_Capture\New Python Filess\dataset\model-pilot\raw\fs2000\subject01\session04\left_horizontal_scroll\fast\near\subject01_session04_left_horizontal_scroll_fast_near_20260818T222622_528651Z.csv","C:\Users\Oguzm\OneDrive - ozyegin.edu.tr\Desktop\Github_Projects\TrentoProjects\Raw_Data_Capture\New Python Filess\dataset\model-pilot\raw\fs2000\subject01\session04\left_horizontal_scroll\fast\near\subject01_session04_left_horizontal_scroll_fast_near_20260818T222622_528651Z.metadata.json","session04|left_horizontal_scroll|fast|near"
"session04","left_horizontal_scroll","normal","near","5","C:\Users\Oguzm\OneDrive - ozyegin.edu.tr\Desktop\Github_Projects\TrentoProjects\Raw_Data_Capture\New Python Filess\dataset\model-pilot\raw\fs2000\subject01\session04\left_horizontal_scroll\normal\near\subject01_session04_left_horizontal_scroll_normal_near_20260818T222549_955988Z.csv","C:\Users\Oguzm\OneDrive - ozyegin.edu.tr\Desktop\Github_Projects\TrentoProjects\Raw_Data_Capture\New Python Filess\dataset\model-pilot\raw\fs2000\subject01\session04\left_horizontal_scroll\normal\near\subject01_session04_left_horizontal_scroll_normal_near_20260818T222549_955988Z.metadata.json","session04|left_horizontal_scroll|normal|near"
"session04","left_horizontal_scroll","slow","near","5","C:\Users\Oguzm\OneDrive - ozyegin.edu.tr\Desktop\Github_Projects\TrentoProjects\Raw_Data_Capture\New Python Filess\dataset\model-pilot\raw\fs2000\subject01\session04\left_horizontal_scroll\slow\near\subject01_session04_left_horizontal_scroll_slow_near_20260818T222518_543574Z.csv","C:\Users\Oguzm\OneDrive - ozyegin.edu.tr\Desktop\Github_Projects\TrentoProjects\Raw_Data_Capture\New Python Filess\dataset\model-pilot\raw\fs2000\subject01\session04\left_horizontal_scroll\slow\near\subject01_session04_left_horizontal_scroll_slow_near_20260818T222518_543574Z.metadata.json","session04|left_horizontal_scroll|slow|near"
"session04","right_horizontal_scroll","fast","far","5","C:\Users\Oguzm\OneDrive - ozyegin.edu.tr\Desktop\Github_Projects\TrentoProjects\Raw_Data_Capture\New Python Filess\dataset\model-pilot\raw\fs2000\subject01\session04\right_horizontal_scroll\fast\far\subject01_session04_right_horizontal_scroll_fast_far_20260818T223541_964166Z.csv","C:\Users\Oguzm\OneDrive - ozyegin.edu.tr\Desktop\Github_Projects\TrentoProjects\Raw_Data_Capture\New Python Filess\dataset\model-pilot\raw\fs2000\subject01\session04\right_horizontal_scroll\fast\far\subject01_session04_right_horizontal_scroll_fast_far_20260818T223541_964166Z.metadata.json","session04|right_horizontal_scroll|fast|far"
"session04","right_horizontal_scroll","normal","far","5","C:\Users\Oguzm\OneDrive - ozyegin.edu.tr\Desktop\Github_Projects\TrentoProjects\Raw_Data_Capture\New Python Filess\dataset\model-pilot\raw\fs2000\subject01\session04\right_horizontal_scroll\normal\far\subject01_session04_right_horizontal_scroll_normal_far_20260818T223509_217208Z.csv","C:\Users\Oguzm\OneDrive - ozyegin.edu.tr\Desktop\Github_Projects\TrentoProjects\Raw_Data_Capture\New Python Filess\dataset\model-pilot\raw\fs2000\subject01\session04\right_horizontal_scroll\normal\far\subject01_session04_right_horizontal_scroll_normal_far_20260818T223509_217208Z.metadata.json","session04|right_horizontal_scroll|normal|far"
"session04","right_horizontal_scroll","slow","far","5","C:\Users\Oguzm\OneDrive - ozyegin.edu.tr\Desktop\Github_Projects\TrentoProjects\Raw_Data_Capture\New Python Filess\dataset\model-pilot\raw\fs2000\subject01\session04\right_horizontal_scroll\slow\far\subject01_session04_right_horizontal_scroll_slow_far_20260818T223436_678563Z.csv","C:\Users\Oguzm\OneDrive - ozyegin.edu.tr\Desktop\Github_Projects\TrentoProjects\Raw_Data_Capture\New Python Filess\dataset\model-pilot\raw\fs2000\subject01\session04\right_horizontal_scroll\slow\far\subject01_session04_right_horizontal_scroll_slow_far_20260818T223436_678563Z.metadata.json","session04|right_horizontal_scroll|slow|far"
"session04","right_horizontal_scroll","fast","mid","5","C:\Users\Oguzm\OneDrive - ozyegin.edu.tr\Desktop\Github_Projects\TrentoProjects\Raw_Data_Capture\New Python Filess\dataset\model-pilot\raw\fs2000\subject01\session04\right_horizontal_scroll\fast\mid\subject01_session04_right_horizontal_scroll_fast_mid_20260818T223404_341809Z.csv","C:\Users\Oguzm\OneDrive - ozyegin.edu.tr\Desktop\Github_Projects\TrentoProjects\Raw_Data_Capture\New Python Filess\dataset\model-pilot\raw\fs2000\subject01\session04\right_horizontal_scroll\fast\mid\subject01_session04_right_horizontal_scroll_fast_mid_20260818T223404_341809Z.metadata.json","session04|right_horizontal_scroll|fast|mid"
"session04","right_horizontal_scroll","normal","mid","5","C:\Users\Oguzm\OneDrive - ozyegin.edu.tr\Desktop\Github_Projects\TrentoProjects\Raw_Data_Capture\New Python Filess\dataset\model-pilot\raw\fs2000\subject01\session04\right_horizontal_scroll\normal\mid\subject01_session04_right_horizontal_scroll_normal_mid_20260818T223331_849538Z.csv","C:\Users\Oguzm\OneDrive - ozyegin.edu.tr\Desktop\Github_Projects\TrentoProjects\Raw_Data_Capture\New Python Filess\dataset\model-pilot\raw\fs2000\subject01\session04\right_horizontal_scroll\normal\mid\subject01_session04_right_horizontal_scroll_normal_mid_20260818T223331_849538Z.metadata.json","session04|right_horizontal_scroll|normal|mid"
"session04","right_horizontal_scroll","slow","mid","5","C:\Users\Oguzm\OneDrive - ozyegin.edu.tr\Desktop\Github_Projects\TrentoProjects\Raw_Data_Capture\New Python Filess\dataset\model-pilot\raw\fs2000\subject01\session04\right_horizontal_scroll\slow\mid\subject01_session04_right_horizontal_scroll_slow_mid_20260818T223259_452743Z.csv","C:\Users\Oguzm\OneDrive - ozyegin.edu.tr\Desktop\Github_Projects\TrentoProjects\Raw_Data_Capture\New Python Filess\dataset\model-pilot\raw\fs2000\subject01\session04\right_horizontal_scroll\slow\mid\subject01_session04_right_horizontal_scroll_slow_mid_20260818T223259_452743Z.metadata.json","session04|right_horizontal_scroll|slow|mid"
"session04","right_horizontal_scroll","fast","near","5","C:\Users\Oguzm\OneDrive - ozyegin.edu.tr\Desktop\Github_Projects\TrentoProjects\Raw_Data_Capture\New Python Filess\dataset\model-pilot\raw\fs2000\subject01\session04\right_horizontal_scroll\fast\near\subject01_session04_right_horizontal_scroll_fast_near_20260818T223227_513304Z.csv","C:\Users\Oguzm\OneDrive - ozyegin.edu.tr\Desktop\Github_Projects\TrentoProjects\Raw_Data_Capture\New Python Filess\dataset\model-pilot\raw\fs2000\subject01\session04\right_horizontal_scroll\fast\near\subject01_session04_right_horizontal_scroll_fast_near_20260818T223227_513304Z.metadata.json","session04|right_horizontal_scroll|fast|near"
"session04","right_horizontal_scroll","normal","near","5","C:\Users\Oguzm\OneDrive - ozyegin.edu.tr\Desktop\Github_Projects\TrentoProjects\Raw_Data_Capture\New Python Filess\dataset\model-pilot\raw\fs2000\subject01\session04\right_horizontal_scroll\normal\near\subject01_session04_right_horizontal_scroll_normal_near_20260818T223155_658140Z.csv","C:\Users\Oguzm\OneDrive - ozyegin.edu.tr\Desktop\Github_Projects\TrentoProjects\Raw_Data_Capture\New Python Filess\dataset\model-pilot\raw\fs2000\subject01\session04\right_horizontal_scroll\normal\near\subject01_session04_right_horizontal_scroll_normal_near_20260818T223155_658140Z.metadata.json","session04|right_horizontal_scroll|normal|near"
"session04","right_horizontal_scroll","slow","near","5","C:\Users\Oguzm\OneDrive - ozyegin.edu.tr\Desktop\Github_Projects\TrentoProjects\Raw_Data_Capture\New Python Filess\dataset\model-pilot\raw\fs2000\subject01\session04\right_horizontal_scroll\slow\near\subject01_session04_right_horizontal_scroll_slow_near_20260818T223122_610405Z.csv","C:\Users\Oguzm\OneDrive - ozyegin.edu.tr\Desktop\Github_Projects\TrentoProjects\Raw_Data_Capture\New Python Filess\dataset\model-pilot\raw\fs2000\subject01\session04\right_horizontal_scroll\slow\near\subject01_session04_right_horizontal_scroll_slow_near_20260818T223122_610405Z.metadata.json","session04|right_horizontal_scroll|slow|near"
"session05","clicking_hand","fast","far","5","C:\Users\Oguzm\OneDrive - ozyegin.edu.tr\Desktop\Github_Projects\TrentoProjects\Raw_Data_Capture\New Python Filess\dataset\model-pilot\raw\fs2000\subject01\session05\clicking_hand\fast\far\subject01_session05_clicking_hand_fast_far_20260817T225142_010034Z.csv","C:\Users\Oguzm\OneDrive - ozyegin.edu.tr\Desktop\Github_Projects\TrentoProjects\Raw_Data_Capture\New Python Filess\dataset\model-pilot\raw\fs2000\subject01\session05\clicking_hand\fast\far\subject01_session05_clicking_hand_fast_far_20260817T225142_010034Z.metadata.json","session05|clicking_hand|fast|far"
"session05","clicking_hand","normal","far","5","C:\Users\Oguzm\OneDrive - ozyegin.edu.tr\Desktop\Github_Projects\TrentoProjects\Raw_Data_Capture\New Python Filess\dataset\model-pilot\raw\fs2000\subject01\session05\clicking_hand\normal\far\subject01_session05_clicking_hand_normal_far_20260817T225109_374576Z.csv","C:\Users\Oguzm\OneDrive - ozyegin.edu.tr\Desktop\Github_Projects\TrentoProjects\Raw_Data_Capture\New Python Filess\dataset\model-pilot\raw\fs2000\subject01\session05\clicking_hand\normal\far\subject01_session05_clicking_hand_normal_far_20260817T225109_374576Z.metadata.json","session05|clicking_hand|normal|far"
"session05","clicking_hand","slow","far","5","C:\Users\Oguzm\OneDrive - ozyegin.edu.tr\Desktop\Github_Projects\TrentoProjects\Raw_Data_Capture\New Python Filess\dataset\model-pilot\raw\fs2000\subject01\session05\clicking_hand\slow\far\subject01_session05_clicking_hand_slow_far_20260817T225036_211736Z.csv","C:\Users\Oguzm\OneDrive - ozyegin.edu.tr\Desktop\Github_Projects\TrentoProjects\Raw_Data_Capture\New Python Filess\dataset\model-pilot\raw\fs2000\subject01\session05\clicking_hand\slow\far\subject01_session05_clicking_hand_slow_far_20260817T225036_211736Z.metadata.json","session05|clicking_hand|slow|far"
"session05","clicking_hand","fast","mid","5","C:\Users\Oguzm\OneDrive - ozyegin.edu.tr\Desktop\Github_Projects\TrentoProjects\Raw_Data_Capture\New Python Filess\dataset\model-pilot\raw\fs2000\subject01\session05\clicking_hand\fast\mid\subject01_session05_clicking_hand_fast_mid_20260817T224958_564398Z.csv","C:\Users\Oguzm\OneDrive - ozyegin.edu.tr\Desktop\Github_Projects\TrentoProjects\Raw_Data_Capture\New Python Filess\dataset\model-pilot\raw\fs2000\subject01\session05\clicking_hand\fast\mid\subject01_session05_clicking_hand_fast_mid_20260817T224958_564398Z.metadata.json","session05|clicking_hand|fast|mid"
"session05","clicking_hand","normal","mid","5","C:\Users\Oguzm\OneDrive - ozyegin.edu.tr\Desktop\Github_Projects\TrentoProjects\Raw_Data_Capture\New Python Filess\dataset\model-pilot\raw\fs2000\subject01\session05\clicking_hand\normal\mid\subject01_session05_clicking_hand_normal_mid_20260817T224925_309635Z.csv","C:\Users\Oguzm\OneDrive - ozyegin.edu.tr\Desktop\Github_Projects\TrentoProjects\Raw_Data_Capture\New Python Filess\dataset\model-pilot\raw\fs2000\subject01\session05\clicking_hand\normal\mid\subject01_session05_clicking_hand_normal_mid_20260817T224925_309635Z.metadata.json","session05|clicking_hand|normal|mid"
"session05","clicking_hand","slow","mid","5","C:\Users\Oguzm\OneDrive - ozyegin.edu.tr\Desktop\Github_Projects\TrentoProjects\Raw_Data_Capture\New Python Filess\dataset\model-pilot\raw\fs2000\subject01\session05\clicking_hand\slow\mid\subject01_session05_clicking_hand_slow_mid_20260817T224852_277271Z.csv","C:\Users\Oguzm\OneDrive - ozyegin.edu.tr\Desktop\Github_Projects\TrentoProjects\Raw_Data_Capture\New Python Filess\dataset\model-pilot\raw\fs2000\subject01\session05\clicking_hand\slow\mid\subject01_session05_clicking_hand_slow_mid_20260817T224852_277271Z.metadata.json","session05|clicking_hand|slow|mid"
"session05","clicking_hand","fast","near","5","C:\Users\Oguzm\OneDrive - ozyegin.edu.tr\Desktop\Github_Projects\TrentoProjects\Raw_Data_Capture\New Python Filess\dataset\model-pilot\raw\fs2000\subject01\session05\clicking_hand\fast\near\subject01_session05_clicking_hand_fast_near_20260817T224819_320384Z.csv","C:\Users\Oguzm\OneDrive - ozyegin.edu.tr\Desktop\Github_Projects\TrentoProjects\Raw_Data_Capture\New Python Filess\dataset\model-pilot\raw\fs2000\subject01\session05\clicking_hand\fast\near\subject01_session05_clicking_hand_fast_near_20260817T224819_320384Z.metadata.json","session05|clicking_hand|fast|near"
"session05","clicking_hand","normal","near","5","C:\Users\Oguzm\OneDrive - ozyegin.edu.tr\Desktop\Github_Projects\TrentoProjects\Raw_Data_Capture\New Python Filess\dataset\model-pilot\raw\fs2000\subject01\session05\clicking_hand\normal\near\subject01_session05_clicking_hand_normal_near_20260817T224746_633204Z.csv","C:\Users\Oguzm\OneDrive - ozyegin.edu.tr\Desktop\Github_Projects\TrentoProjects\Raw_Data_Capture\New Python Filess\dataset\model-pilot\raw\fs2000\subject01\session05\clicking_hand\normal\near\subject01_session05_clicking_hand_normal_near_20260817T224746_633204Z.metadata.json","session05|clicking_hand|normal|near"
"session05","clicking_hand","slow","near","5","C:\Users\Oguzm\OneDrive - ozyegin.edu.tr\Desktop\Github_Projects\TrentoProjects\Raw_Data_Capture\New Python Filess\dataset\model-pilot\raw\fs2000\subject01\session05\clicking_hand\slow\near\subject01_session05_clicking_hand_slow_near_20260817T224708_224139Z.csv","C:\Users\Oguzm\OneDrive - ozyegin.edu.tr\Desktop\Github_Projects\TrentoProjects\Raw_Data_Capture\New Python Filess\dataset\model-pilot\raw\fs2000\subject01\session05\clicking_hand\slow\near\subject01_session05_clicking_hand_slow_near_20260817T224708_224139Z.metadata.json","session05|clicking_hand|slow|near"
"session05","empty","fast","na","0","C:\Users\Oguzm\OneDrive - ozyegin.edu.tr\Desktop\Github_Projects\TrentoProjects\Raw_Data_Capture\New Python Filess\dataset\model-pilot\raw\fs2000\subject01\session05\empty\fast\na\subject01_session05_empty_fast_na_20260817T220816_292425Z.csv","C:\Users\Oguzm\OneDrive - ozyegin.edu.tr\Desktop\Github_Projects\TrentoProjects\Raw_Data_Capture\New Python Filess\dataset\model-pilot\raw\fs2000\subject01\session05\empty\fast\na\subject01_session05_empty_fast_na_20260817T220816_292425Z.metadata.json","session05|empty|fast|na"
"session05","empty","normal","na","0","C:\Users\Oguzm\OneDrive - ozyegin.edu.tr\Desktop\Github_Projects\TrentoProjects\Raw_Data_Capture\New Python Filess\dataset\model-pilot\raw\fs2000\subject01\session05\empty\normal\na\subject01_session05_empty_normal_na_20260817T220719_218931Z.csv","C:\Users\Oguzm\OneDrive - ozyegin.edu.tr\Desktop\Github_Projects\TrentoProjects\Raw_Data_Capture\New Python Filess\dataset\model-pilot\raw\fs2000\subject01\session05\empty\normal\na\subject01_session05_empty_normal_na_20260817T220719_218931Z.metadata.json","session05|empty|normal|na"
"session05","empty","slow","na","0","C:\Users\Oguzm\OneDrive - ozyegin.edu.tr\Desktop\Github_Projects\TrentoProjects\Raw_Data_Capture\New Python Filess\dataset\model-pilot\raw\fs2000\subject01\session05\empty\slow\na\subject01_session05_empty_slow_na_20260817T220649_455486Z.csv","C:\Users\Oguzm\OneDrive - ozyegin.edu.tr\Desktop\Github_Projects\TrentoProjects\Raw_Data_Capture\New Python Filess\dataset\model-pilot\raw\fs2000\subject01\session05\empty\slow\na\subject01_session05_empty_slow_na_20260817T220649_455486Z.metadata.json","session05|empty|slow|na"
"session05","left_horizontal_scroll","fast","far","5","C:\Users\Oguzm\OneDrive - ozyegin.edu.tr\Desktop\Github_Projects\TrentoProjects\Raw_Data_Capture\New Python Filess\dataset\model-pilot\raw\fs2000\subject01\session05\left_horizontal_scroll\fast\far\subject01_session05_left_horizontal_scroll_fast_far_20260818T224059_195544Z.csv","C:\Users\Oguzm\OneDrive - ozyegin.edu.tr\Desktop\Github_Projects\TrentoProjects\Raw_Data_Capture\New Python Filess\dataset\model-pilot\raw\fs2000\subject01\session05\left_horizontal_scroll\fast\far\subject01_session05_left_horizontal_scroll_fast_far_20260818T224059_195544Z.metadata.json","session05|left_horizontal_scroll|fast|far"
"session05","left_horizontal_scroll","normal","far","5","C:\Users\Oguzm\OneDrive - ozyegin.edu.tr\Desktop\Github_Projects\TrentoProjects\Raw_Data_Capture\New Python Filess\dataset\model-pilot\raw\fs2000\subject01\session05\left_horizontal_scroll\normal\far\subject01_session05_left_horizontal_scroll_normal_far_20260818T224026_577950Z.csv","C:\Users\Oguzm\OneDrive - ozyegin.edu.tr\Desktop\Github_Projects\TrentoProjects\Raw_Data_Capture\New Python Filess\dataset\model-pilot\raw\fs2000\subject01\session05\left_horizontal_scroll\normal\far\subject01_session05_left_horizontal_scroll_normal_far_20260818T224026_577950Z.metadata.json","session05|left_horizontal_scroll|normal|far"
"session05","left_horizontal_scroll","slow","far","5","C:\Users\Oguzm\OneDrive - ozyegin.edu.tr\Desktop\Github_Projects\TrentoProjects\Raw_Data_Capture\New Python Filess\dataset\model-pilot\raw\fs2000\subject01\session05\left_horizontal_scroll\slow\far\subject01_session05_left_horizontal_scroll_slow_far_20260818T223946_552336Z.csv","C:\Users\Oguzm\OneDrive - ozyegin.edu.tr\Desktop\Github_Projects\TrentoProjects\Raw_Data_Capture\New Python Filess\dataset\model-pilot\raw\fs2000\subject01\session05\left_horizontal_scroll\slow\far\subject01_session05_left_horizontal_scroll_slow_far_20260818T223946_552336Z.metadata.json","session05|left_horizontal_scroll|slow|far"
"session05","left_horizontal_scroll","fast","mid","5","C:\Users\Oguzm\OneDrive - ozyegin.edu.tr\Desktop\Github_Projects\TrentoProjects\Raw_Data_Capture\New Python Filess\dataset\model-pilot\raw\fs2000\subject01\session05\left_horizontal_scroll\fast\mid\subject01_session05_left_horizontal_scroll_fast_mid_20260818T223914_623072Z.csv","C:\Users\Oguzm\OneDrive - ozyegin.edu.tr\Desktop\Github_Projects\TrentoProjects\Raw_Data_Capture\New Python Filess\dataset\model-pilot\raw\fs2000\subject01\session05\left_horizontal_scroll\fast\mid\subject01_session05_left_horizontal_scroll_fast_mid_20260818T223914_623072Z.metadata.json","session05|left_horizontal_scroll|fast|mid"
"session05","left_horizontal_scroll","normal","mid","5","C:\Users\Oguzm\OneDrive - ozyegin.edu.tr\Desktop\Github_Projects\TrentoProjects\Raw_Data_Capture\New Python Filess\dataset\model-pilot\raw\fs2000\subject01\session05\left_horizontal_scroll\normal\mid\subject01_session05_left_horizontal_scroll_normal_mid_20260818T223842_237136Z.csv","C:\Users\Oguzm\OneDrive - ozyegin.edu.tr\Desktop\Github_Projects\TrentoProjects\Raw_Data_Capture\New Python Filess\dataset\model-pilot\raw\fs2000\subject01\session05\left_horizontal_scroll\normal\mid\subject01_session05_left_horizontal_scroll_normal_mid_20260818T223842_237136Z.metadata.json","session05|left_horizontal_scroll|normal|mid"
"session05","left_horizontal_scroll","slow","mid","5","C:\Users\Oguzm\OneDrive - ozyegin.edu.tr\Desktop\Github_Projects\TrentoProjects\Raw_Data_Capture\New Python Filess\dataset\model-pilot\raw\fs2000\subject01\session05\left_horizontal_scroll\slow\mid\subject01_session05_left_horizontal_scroll_slow_mid_20260818T223809_813770Z.csv","C:\Users\Oguzm\OneDrive - ozyegin.edu.tr\Desktop\Github_Projects\TrentoProjects\Raw_Data_Capture\New Python Filess\dataset\model-pilot\raw\fs2000\subject01\session05\left_horizontal_scroll\slow\mid\subject01_session05_left_horizontal_scroll_slow_mid_20260818T223809_813770Z.metadata.json","session05|left_horizontal_scroll|slow|mid"
"session05","left_horizontal_scroll","fast","near","5","C:\Users\Oguzm\OneDrive - ozyegin.edu.tr\Desktop\Github_Projects\TrentoProjects\Raw_Data_Capture\New Python Filess\dataset\model-pilot\raw\fs2000\subject01\session05\left_horizontal_scroll\fast\near\subject01_session05_left_horizontal_scroll_fast_near_20260818T223737_727114Z.csv","C:\Users\Oguzm\OneDrive - ozyegin.edu.tr\Desktop\Github_Projects\TrentoProjects\Raw_Data_Capture\New Python Filess\dataset\model-pilot\raw\fs2000\subject01\session05\left_horizontal_scroll\fast\near\subject01_session05_left_horizontal_scroll_fast_near_20260818T223737_727114Z.metadata.json","session05|left_horizontal_scroll|fast|near"
"session05","left_horizontal_scroll","normal","near","5","C:\Users\Oguzm\OneDrive - ozyegin.edu.tr\Desktop\Github_Projects\TrentoProjects\Raw_Data_Capture\New Python Filess\dataset\model-pilot\raw\fs2000\subject01\session05\left_horizontal_scroll\normal\near\subject01_session05_left_horizontal_scroll_normal_near_20260818T223705_095199Z.csv","C:\Users\Oguzm\OneDrive - ozyegin.edu.tr\Desktop\Github_Projects\TrentoProjects\Raw_Data_Capture\New Python Filess\dataset\model-pilot\raw\fs2000\subject01\session05\left_horizontal_scroll\normal\near\subject01_session05_left_horizontal_scroll_normal_near_20260818T223705_095199Z.metadata.json","session05|left_horizontal_scroll|normal|near"
"session05","left_horizontal_scroll","slow","near","5","C:\Users\Oguzm\OneDrive - ozyegin.edu.tr\Desktop\Github_Projects\TrentoProjects\Raw_Data_Capture\New Python Filess\dataset\model-pilot\raw\fs2000\subject01\session05\left_horizontal_scroll\slow\near\subject01_session05_left_horizontal_scroll_slow_near_20260818T223629_596096Z.csv","C:\Users\Oguzm\OneDrive - ozyegin.edu.tr\Desktop\Github_Projects\TrentoProjects\Raw_Data_Capture\New Python Filess\dataset\model-pilot\raw\fs2000\subject01\session05\left_horizontal_scroll\slow\near\subject01_session05_left_horizontal_scroll_slow_near_20260818T223629_596096Z.metadata.json","session05|left_horizontal_scroll|slow|near"
"session05","right_horizontal_scroll","fast","far","5","C:\Users\Oguzm\OneDrive - ozyegin.edu.tr\Desktop\Github_Projects\TrentoProjects\Raw_Data_Capture\New Python Filess\dataset\model-pilot\raw\fs2000\subject01\session05\right_horizontal_scroll\fast\far\subject01_session05_right_horizontal_scroll_fast_far_20260818T224633_489986Z.csv","C:\Users\Oguzm\OneDrive - ozyegin.edu.tr\Desktop\Github_Projects\TrentoProjects\Raw_Data_Capture\New Python Filess\dataset\model-pilot\raw\fs2000\subject01\session05\right_horizontal_scroll\fast\far\subject01_session05_right_horizontal_scroll_fast_far_20260818T224633_489986Z.metadata.json","session05|right_horizontal_scroll|fast|far"
"session05","right_horizontal_scroll","normal","far","5","C:\Users\Oguzm\OneDrive - ozyegin.edu.tr\Desktop\Github_Projects\TrentoProjects\Raw_Data_Capture\New Python Filess\dataset\model-pilot\raw\fs2000\subject01\session05\right_horizontal_scroll\normal\far\subject01_session05_right_horizontal_scroll_normal_far_20260818T224540_587855Z.csv","C:\Users\Oguzm\OneDrive - ozyegin.edu.tr\Desktop\Github_Projects\TrentoProjects\Raw_Data_Capture\New Python Filess\dataset\model-pilot\raw\fs2000\subject01\session05\right_horizontal_scroll\normal\far\subject01_session05_right_horizontal_scroll_normal_far_20260818T224540_587855Z.metadata.json","session05|right_horizontal_scroll|normal|far"
"session05","right_horizontal_scroll","slow","far","5","C:\Users\Oguzm\OneDrive - ozyegin.edu.tr\Desktop\Github_Projects\TrentoProjects\Raw_Data_Capture\New Python Filess\dataset\model-pilot\raw\fs2000\subject01\session05\right_horizontal_scroll\slow\far\subject01_session05_right_horizontal_scroll_slow_far_20260818T224507_133992Z.csv","C:\Users\Oguzm\OneDrive - ozyegin.edu.tr\Desktop\Github_Projects\TrentoProjects\Raw_Data_Capture\New Python Filess\dataset\model-pilot\raw\fs2000\subject01\session05\right_horizontal_scroll\slow\far\subject01_session05_right_horizontal_scroll_slow_far_20260818T224507_133992Z.metadata.json","session05|right_horizontal_scroll|slow|far"
"session05","right_horizontal_scroll","fast","mid","5","C:\Users\Oguzm\OneDrive - ozyegin.edu.tr\Desktop\Github_Projects\TrentoProjects\Raw_Data_Capture\New Python Filess\dataset\model-pilot\raw\fs2000\subject01\session05\right_horizontal_scroll\fast\mid\subject01_session05_right_horizontal_scroll_fast_mid_20260818T224434_006785Z.csv","C:\Users\Oguzm\OneDrive - ozyegin.edu.tr\Desktop\Github_Projects\TrentoProjects\Raw_Data_Capture\New Python Filess\dataset\model-pilot\raw\fs2000\subject01\session05\right_horizontal_scroll\fast\mid\subject01_session05_right_horizontal_scroll_fast_mid_20260818T224434_006785Z.metadata.json","session05|right_horizontal_scroll|fast|mid"
"session05","right_horizontal_scroll","normal","mid","5","C:\Users\Oguzm\OneDrive - ozyegin.edu.tr\Desktop\Github_Projects\TrentoProjects\Raw_Data_Capture\New Python Filess\dataset\model-pilot\raw\fs2000\subject01\session05\right_horizontal_scroll\normal\mid\subject01_session05_right_horizontal_scroll_normal_mid_20260818T224359_542987Z.csv","C:\Users\Oguzm\OneDrive - ozyegin.edu.tr\Desktop\Github_Projects\TrentoProjects\Raw_Data_Capture\New Python Filess\dataset\model-pilot\raw\fs2000\subject01\session05\right_horizontal_scroll\normal\mid\subject01_session05_right_horizontal_scroll_normal_mid_20260818T224359_542987Z.metadata.json","session05|right_horizontal_scroll|normal|mid"
"session05","right_horizontal_scroll","slow","mid","5","C:\Users\Oguzm\OneDrive - ozyegin.edu.tr\Desktop\Github_Projects\TrentoProjects\Raw_Data_Capture\New Python Filess\dataset\model-pilot\raw\fs2000\subject01\session05\right_horizontal_scroll\slow\mid\subject01_session05_right_horizontal_scroll_slow_mid_20260818T224326_702984Z.csv","C:\Users\Oguzm\OneDrive - ozyegin.edu.tr\Desktop\Github_Projects\TrentoProjects\Raw_Data_Capture\New Python Filess\dataset\model-pilot\raw\fs2000\subject01\session05\right_horizontal_scroll\slow\mid\subject01_session05_right_horizontal_scroll_slow_mid_20260818T224326_702984Z.metadata.json","session05|right_horizontal_scroll|slow|mid"
"session05","right_horizontal_scroll","fast","near","5","C:\Users\Oguzm\OneDrive - ozyegin.edu.tr\Desktop\Github_Projects\TrentoProjects\Raw_Data_Capture\New Python Filess\dataset\model-pilot\raw\fs2000\subject01\session05\right_horizontal_scroll\fast\near\subject01_session05_right_horizontal_scroll_fast_near_20260818T224254_086561Z.csv","C:\Users\Oguzm\OneDrive - ozyegin.edu.tr\Desktop\Github_Projects\TrentoProjects\Raw_Data_Capture\New Python Filess\dataset\model-pilot\raw\fs2000\subject01\session05\right_horizontal_scroll\fast\near\subject01_session05_right_horizontal_scroll_fast_near_20260818T224254_086561Z.metadata.json","session05|right_horizontal_scroll|fast|near"
"session05","right_horizontal_scroll","normal","near","5","C:\Users\Oguzm\OneDrive - ozyegin.edu.tr\Desktop\Github_Projects\TrentoProjects\Raw_Data_Capture\New Python Filess\dataset\model-pilot\raw\fs2000\subject01\session05\right_horizontal_scroll\normal\near\subject01_session05_right_horizontal_scroll_normal_near_20260818T224208_078806Z.csv","C:\Users\Oguzm\OneDrive - ozyegin.edu.tr\Desktop\Github_Projects\TrentoProjects\Raw_Data_Capture\New Python Filess\dataset\model-pilot\raw\fs2000\subject01\session05\right_horizontal_scroll\normal\near\subject01_session05_right_horizontal_scroll_normal_near_20260818T224208_078806Z.metadata.json","session05|right_horizontal_scroll|normal|near"
"session05","right_horizontal_scroll","slow","near","5","C:\Users\Oguzm\OneDrive - ozyegin.edu.tr\Desktop\Github_Projects\TrentoProjects\Raw_Data_Capture\New Python Filess\dataset\model-pilot\raw\fs2000\subject01\session05\right_horizontal_scroll\slow\near\subject01_session05_right_horizontal_scroll_slow_near_20260818T224133_474818Z.csv","C:\Users\Oguzm\OneDrive - ozyegin.edu.tr\Desktop\Github_Projects\TrentoProjects\Raw_Data_Capture\New Python Filess\dataset\model-pilot\raw\fs2000\subject01\session05\right_horizontal_scroll\slow\near\subject01_session05_right_horizontal_scroll_slow_near_20260818T224133_474818Z.metadata.json","session05|right_horizontal_scroll|slow|near"
